Workbook

Sheet MKN Slip
A5: Baan Pong Cross Country 2026
C6: BIB No : | D6: 3381
C7: Name : | D7: =IFERROR(VLOOKUP($D$6,'(3)Summary Finished'!$B$4:$O$195,3,FALSE),0) -> JANTARABOON.K
C8: Gender : | D8: =IFERROR(VLOOKUP($D$6,'(3)Summary Finished'!$B$4:$O$195,4,FALSE),0) -> Male
C9: Age Group : | D9: =IFERROR(VLOOKUP($D$6,'(3)Summary Finished'!$B$4:$O$195,5,FALSE),0) -> 20-39
C10: Category : | D10: =IFERROR(VLOOKUP($D$6,'(3)Summary Finished'!$B$4:$O$195,7,FALSE),0) -> MKT33
C11: Check in : | D11: =IFERROR(VLOOKUP($D$6,'(3)Summary Finished'!$B$4:$O$201,8,FALSE),0) -> 45550.228
C12: Start Time : | D12: =IFERROR(VLOOKUP($D$6,'(3)Summary Finished'!$B$4:$O$195,9,FALSE),0) -> 0.22916667
C13: Finish Time : | D13: =IFERROR(VLOOKUP($D$6,'(3)Summary Finished'!$B$4:$O$195,10,FALSE),0) -> 45550.37
C14: Time Result : | D14: =D13-D12 -> 45550.141 | E14: =IFERROR(VLOOKUP($D$6,'(3)Summary Finished'!$B$4:$J$158,3,FALSE),0) -> JANTARABOON.K | F14: =IFERROR(VLOOKUP($D$6,'(3)Summary Finished'!$B$4:$J$158,3,FALSE),0) -> JANTARABOON.K
C15: Overall Rank : | D15: =IFERROR(VLOOKUP($D$6,'(3)Summary Finished'!$B$4:$O$198,12,FALSE),0) -> 1 | E15: /
C16: Gender Rank : | D16: =IFERROR(VLOOKUP($D$6,'(3)Summary Finished'!$B$4:$O$198,13,FALSE),0) -> 1 | E16: /
C17: Age Group : | D17: =IFERROR(VLOOKUP($D$6,'(3)Summary Finished'!$B$4:$O$198,14,FALSE),0) -> 1 | E17: /
A18: * Provisional Result
A22: Timing System by Mea Khanin Club

Sheet (3)Summary Finished
A1: SUMMARY TIME RESULT AND RANK "Mae Khanin Trail 2024" | M1: RANK | S1: Finisher Runner
A2: No. | B2: BIB Number | C2: Name Surname, Team | D2: Name on BIB | E2: Gender | F2: Age Group | G2: Nationality | H2: Category | I2: Check in Time | J2: Start Time | K2: Finish Time | L2: Time | M2: Over all | N2: Gender | O2: Age Group
A3: ลำดับ | B3: หมายเลขแข่งขัน | C3: ชื่อ-นามสกุล หรือชื่อทีม | D3: ชื่อบนหมายเลขวิ่ง | E3: เพศ | F3: กลุ่มอายุ | G3: สัญชาติ | H3: ประเภทแข่งขัน | I3: รายงานตัวจุดปล่อยตัว | J3: เวลาปล่อยตัว | K3: เวลาสิ้นสุดการแข่งขัน | L3: เวลาที่ใช้ | M3: ลำดับรวม | N3: ลำดับเพศ | O3: ลำดับช่วงอายุ | S3: MKT33 | T3: =COUNTIF($H$4:$H$198,"MKT33") -> 66 | X3: MKT50 | Y3: =COUNTIF($H$4:$H$198,"MKT50") -> 34
A4: 1 | B4: 3381 | C4: =IFERROR(VLOOKUP(B4,'Runner List'!$B$3:$O$505,5,FALSE),0) -> JANTARABOON KIANGCHAIPAIPHANA | D4: =IFERROR(VLOOKUP(B4,'Runner List'!$B$3:$O$505,6,FALSE),0) -> JANTARABOON.K | E4: =IFERROR(VLOOKUP(B4,'Runner List'!$B$3:$O$505,7,FALSE),0) -> Male | F4: =IFERROR(VLOOKUP(B4,'Runner List'!$B$3:$O$505,8,FALSE),0) -> 20-39 | G4: =IFERROR(VLOOKUP(B4,'Runner List'!$B$3:$O$505,9,FALSE),0) -> Thai | H4: =IFERROR(VLOOKUP(B4,'Runner List'!$B$3:$O$505,10,FALSE),0) -> MKT33 | I4: =IFERROR(VLOOKUP(B4,'(2)Check In'!$B$4:$I$418,7,FALSE),0) -> 45550.228 | J4: =IFERROR(VLOOKUP(B4,'(2)Check In'!$B$4:$I$848,8,FALSE),0) -> 0.22916667 | K4: =IF(B4="","",IF(K4="",NOW(),K4)) -> 45550.37 | L4: =K4-J4 -> 45550.141 | M4: =COUNTIFS($H$3:H4,H4) -> 1 | N4: =COUNTIFS(F$3:$F4,F4,H$3:$H4,H4,E$3:$E4,E4) -> 1 | O4: =COUNTIFS($F$3:F4,F4,$H$3:H4,H4) -> 1 | S4: Male | T4: =COUNTIFS($H$4:$H$198,"MKT33",$E$4:$E$198,"Male") -> 42 | U4: 20-39 | V4: =COUNTIFS($H$4:$H$198,"MKT33",$E$4:$E$198,"Male",$F$4:$F$198,"20-39") -> 18 | X4: Male | Y4: =COUNTIFS($H$4:$H$198,"MKT50",$E$4:$E$198,"Male") -> 25 | Z4: 20-39 | AA4: =COUNTIFS($H$4:$H$198,"MKT50",$E$4:$E$198,"Male",$F$4:$F$198,"20-39") -> 3
A5: 2 | B5: 3399 | C5: =IFERROR(VLOOKUP(B5,'Runner List'!$B$3:$O$505,5,FALSE),0) -> KAMONNUT SUWANNA | D5: =IFERROR(VLOOKUP(B5,'Runner List'!$B$3:$O$505,6,FALSE),0) -> KAMONNUT.S | E5: =IFERROR(VLOOKUP(B5,'Runner List'!$B$3:$O$505,7,FALSE),0) -> Male | F5: =IFERROR(VLOOKUP(B5,'Runner List'!$B$3:$O$505,8,FALSE),0) -> 20-39 | G5: =IFERROR(VLOOKUP(B5,'Runner List'!$B$3:$O$505,9,FALSE),0) -> Thai | H5: =IFERROR(VLOOKUP(B5,'Runner List'!$B$3:$O$505,10,FALSE),0) -> MKT33 | I5: =IFERROR(VLOOKUP(B5,'(2)Check In'!$B$4:$I$848,7,FALSE),0) -> 45550.23 | J5: =IFERROR(VLOOKUP(B5,'(2)Check In'!$B$4:$I$848,8,FALSE),0) -> 0.22916667 | K5: =IF(B5="","",IF(K5="",NOW(),K5)) -> 45550.41 | L5: =K5-J5 -> 45550.181 | M5: =COUNTIFS($H$3:H5,H5) -> 2 | N5: =COUNTIFS(F$3:$F5,F5,H$3:$H5,H5,E$3:$E5,E5) -> 2 | O5: =COUNTIFS($F$3:F5,F5,$H$3:H5,H5) -> 2 | U5: 40-49 | V5: =COUNTIFS($H$4:$H$198,"MKT33",$E$4:$E$198,"Male",$F$4:$F$198,"40-49") -> 11 | Z5: 40-49 | AA5: =COUNTIFS($H$4:$H$198,"MKT50",$E$4:$E$198,"Male",$F$4:$F$198,"40-49") -> 14
A6: 3 | B6: 3330 | C6: =IFERROR(VLOOKUP(B6,'Runner List'!$B$3:$O$505,5,FALSE),0) -> NUTTAWUT SUPANURAT | D6: =IFERROR(VLOOKUP(B6,'Runner List'!$B$3:$O$505,6,FALSE),0) -> NUTTAWUT.S | E6: =IFERROR(VLOOKUP(B6,'Runner List'!$B$3:$O$505,7,FALSE),0) -> Male | F6: =IFERROR(VLOOKUP(B6,'Runner List'!$B$3:$O$505,8,FALSE),0) -> 40-49 | G6: =IFERROR(VLOOKUP(B6,'Runner List'!$B$3:$O$505,9,FALSE),0) -> Thai | H6: =IFERROR(VLOOKUP(B6,'Runner List'!$B$3:$O$505,10,FALSE),0) -> MKT33 | I6: =IFERROR(VLOOKUP(B6,'(2)Check In'!$B$4:$I$848,7,FALSE),0) -> 45550.227 | J6: =IFERROR(VLOOKUP(B6,'(2)Check In'!$B$4:$I$848,8,FALSE),0) -> 0.22916667 | K6: =IF(B6="","",IF(K6="",NOW(),K6)) -> 45550.411 | L6: =K6-J6 -> 45550.182 | M6: =COUNTIFS($H$3:H6,H6) -> 3 | N6: =COUNTIFS(F$3:$F6,F6,H$3:$H6,H6,E$3:$E6,E6) -> 1 | O6: =COUNTIFS($F$3:F6,F6,$H$3:H6,H6) -> 1 | U6: 50-59 | V6: =COUNTIFS($H$4:$H$198,"MKT33",$E$4:$E$198,"Male",$F$4:$F$198,"50-59") -> 11 | Z6: 50-59 | AA6: =COUNTIFS($H$4:$H$198,"MKT50",$E$4:$E$198,"Male",$F$4:$F$198,"50-59") -> 5
A7: 4 | B7: 3388 | C7: =IFERROR(VLOOKUP(B7,'Runner List'!$B$3:$O$505,5,FALSE),0) -> WORAWUT PHUENGPHOCHAROENPHAN | D7: =IFERROR(VLOOKUP(B7,'Runner List'!$B$3:$O$505,6,FALSE),0) -> WORAWUT.P | E7: =IFERROR(VLOOKUP(B7,'Runner List'!$B$3:$O$505,7,FALSE),0) -> Male | F7: =IFERROR(VLOOKUP(B7,'Runner List'!$B$3:$O$505,8,FALSE),0) -> 40-49 | G7: =IFERROR(VLOOKUP(B7,'Runner List'!$B$3:$O$505,9,FALSE),0) -> Thai | H7: =IFERROR(VLOOKUP(B7,'Runner List'!$B$3:$O$505,10,FALSE),0) -> MKT33 | I7: =IFERROR(VLOOKUP(B7,'(2)Check In'!$B$4:$I$848,7,FALSE),0) -> 45550.227 | J7: =IFERROR(VLOOKUP(B7,'(2)Check In'!$B$4:$I$848,8,FALSE),0) -> 0.22916667 | K7: =IF(B7="","",IF(K7="",NOW(),K7)) -> 45550.423 | L7: =K7-J7 -> 45550.194 | M7: =COUNTIFS($H$3:H7,H7) -> 4 | N7: =COUNTIFS(F$3:$F7,F7,H$3:$H7,H7,E$3:$E7,E7) -> 2 | O7: =COUNTIFS($F$3:F7,F7,$H$3:H7,H7) -> 2 | S7: Female | T7: =COUNTIFS($H$4:$H$198,"MKT33",$E$4:$E$198,"Female") -> 22 | U7: 20-39 | V7: =COUNTIFS($H$4:$H$198,"MKT33",$E$4:$E$198,"Female",$F$4:$F$198,"20-39") -> 12 | X7: Female | Y7: =COUNTIFS($H$4:$H$198,"MKT50",$E$4:$E$198,"Female") -> 8 | Z7: 20-39 | AA7: =COUNTIFS($H$4:$H$198,"MKT50",$E$4:$E$198,"Female",$F$4:$F$198,"20-39") -> 0
A8: 5 | B8: 3350 | C8: =IFERROR(VLOOKUP(B8,'Runner List'!$B$3:$O$505,5,FALSE),0) -> STEFAN ENGEL | D8: =IFERROR(VLOOKUP(B8,'Runner List'!$B$3:$O$505,6,FALSE),0) -> STEFAN ENGEL | E8: =IFERROR(VLOOKUP(B8,'Runner List'!$B$3:$O$505,7,FALSE),0) -> Male | F8: =IFERROR(VLOOKUP(B8,'Runner List'!$B$3:$O$505,8,FALSE),0) -> 40-49 | G8: =IFERROR(VLOOKUP(B8,'Runner List'!$B$3:$O$505,9,FALSE),0) -> Swiss | H8: =IFERROR(VLOOKUP(B8,'Runner List'!$B$3:$O$505,10,FALSE),0) -> MKT33 | I8: =IFERROR(VLOOKUP(B8,'(2)Check In'!$B$4:$I$848,7,FALSE),0) -> 45550.227 | J8: =IFERROR(VLOOKUP(B8,'(2)Check In'!$B$4:$I$848,8,FALSE),0) -> 0.22916667 | K8: =IF(B8="","",IF(K8="",NOW(),K8)) -> 45550.426 | L8: =K8-J8 -> 45550.197 | M8: =COUNTIFS($H$3:H8,H8) -> 5 | N8: =COUNTIFS(F$3:$F8,F8,H$3:$H8,H8,E$3:$E8,E8) -> 3 | O8: =COUNTIFS($F$3:F8,F8,$H$3:H8,H8) -> 3 | U8: 40-49 | V8: =COUNTIFS($H$4:$H$198,"MKT33",$E$4:$E$198,"Female",$F$4:$F$198,"40-49") -> 5 | Z8: 40-49 | AA8: =COUNTIFS($H$4:$H$198,"MKT50",$E$4:$E$198,"Female",$F$4:$F$198,"40-49") -> 3
A9: 6 | B9: 3379 | C9: =IFERROR(VLOOKUP(B9,'Runner List'!$B$3:$O$505,5,FALSE),0) -> ITTIPON UPPAPONG | D9: =IFERROR(VLOOKUP(B9,'Runner List'!$B$3:$O$505,6,FALSE),0) -> ITTIPON.U | E9: =IFERROR(VLOOKUP(B9,'Runner List'!$B$3:$O$505,7,FALSE),0) -> Male | F9: =IFERROR(VLOOKUP(B9,'Runner List'!$B$3:$O$505,8,FALSE),0) -> 20-39 | G9: =IFERROR(VLOOKUP(B9,'Runner List'!$B$3:$O$505,9,FALSE),0) -> Thai | H9: =IFERROR(VLOOKUP(B9,'Runner List'!$B$3:$O$505,10,FALSE),0) -> MKT33 | I9: =IFERROR(VLOOKUP(B9,'(2)Check In'!$B$4:$I$848,7,FALSE),0) -> 45550.226 | J9: =IFERROR(VLOOKUP(B9,'(2)Check In'!$B$4:$I$848,8,FALSE),0) -> 0.22916667 | K9: =IF(B9="","",IF(K9="",NOW(),K9)) -> 45550.432 | L9: =K9-J9 -> 45550.203 | M9: =COUNTIFS($H$3:H9,H9) -> 6 | N9: =COUNTIFS(F$3:$F9,F9,H$3:$H9,H9,E$3:$E9,E9) -> 3 | O9: =COUNTIFS($F$3:F9,F9,$H$3:H9,H9) -> 3 | U9: 50-59 | V9: =COUNTIFS($H$4:$H$198,"MKT33",$E$4:$E$198,"Female",$F$4:$F$198,"50-59") -> 4 | Z9: 50-59 | AA9: =COUNTIFS($H$4:$H$198,"MKT50",$E$4:$E$198,"Female",$F$4:$F$198,"50-59") -> 4
A10: 7 | B10: 3301 | C10: =IFERROR(VLOOKUP(B10,'Runner List'!$B$3:$O$505,5,FALSE),0) -> BLAKE WICHTOWSKI | D10: =IFERROR(VLOOKUP(B10,'Runner List'!$B$3:$O$505,6,FALSE),0) -> BLAKE WICHTOWSKI | E10: =IFERROR(VLOOKUP(B10,'Runner List'!$B$3:$O$505,7,FALSE),0) -> Male | F10: =IFERROR(VLOOKUP(B10,'Runner List'!$B$3:$O$505,8,FALSE),0) -> 20-39 | G10: =IFERROR(VLOOKUP(B10,'Runner List'!$B$3:$O$505,9,FALSE),0) -> Thai | H10: =IFERROR(VLOOKUP(B10,'Runner List'!$B$3:$O$505,10,FALSE),0) -> MKT33 | I10: =IFERROR(VLOOKUP(B10,'(2)Check In'!$B$4:$I$848,7,FALSE),0) -> 45550.226 | J10: =IFERROR(VLOOKUP(B10,'(2)Check In'!$B$4:$I$848,8,FALSE),0) -> 0.22916667 | K10: =IF(B10="","",IF(K10="",NOW(),K10)) -> 45550.434 | L10: =K10-J10 -> 45550.205 | M10: =COUNTIFS($H$3:H10,H10) -> 7 | N10: =COUNTIFS(F$3:$F10,F10,H$3:$H10,H10,E$3:$E10,E10) -> 4 | O10: =COUNTIFS($F$3:F10,F10,$H$3:H10,H10) -> 4 | U10: 60 Plus | V10: =COUNTIFS($H$4:$H$198,"MKT33",$E$4:$E$198,"Female",$F$4:$F$198,"60 Plus") -> 1 | Z10: 60 Plus | AA10: =COUNTIFS($H$4:$H$198,"MKT50",$E$4:$E$198,"Female",$F$4:$F$198,"60 Plus") -> 1
A11: 8 | B11: 3395 | C11: =IFERROR(VLOOKUP(B11,'Runner List'!$B$3:$O$505,5,FALSE),0) -> BANCHAPOL DHIRANETRA | D11: =IFERROR(VLOOKUP(B11,'Runner List'!$B$3:$O$505,6,FALSE),0) -> BANCHAPOL.D | E11: =IFERROR(VLOOKUP(B11,'Runner List'!$B$3:$O$505,7,FALSE),0) -> Male | F11: =IFERROR(VLOOKUP(B11,'Runner List'!$B$3:$O$505,8,FALSE),0) -> 50-59 | G11: =IFERROR(VLOOKUP(B11,'Runner List'!$B$3:$O$505,9,FALSE),0) -> Thai | H11: =IFERROR(VLOOKUP(B11,'Runner List'!$B$3:$O$505,10,FALSE),0) -> MKT33 | I11: =IFERROR(VLOOKUP(B11,'(2)Check In'!$B$4:$I$848,7,FALSE),0) -> 45550.227 | J11: =IFERROR(VLOOKUP(B11,'(2)Check In'!$B$4:$I$848,8,FALSE),0) -> 0.22916667 | K11: =IF(B11="","",IF(K11="",NOW(),K11)) -> 45550.438 | L11: =K11-J11 -> 45550.209 | M11: =COUNTIFS($H$3:H11,H11) -> 8 | N11: =COUNTIFS(F$3:$F11,F11,H$3:$H11,H11,E$3:$E11,E11) -> 1 | O11: =COUNTIFS($F$3:F11,F11,$H$3:H11,H11) -> 1 | S11: LGBTIQAN+ | T11: =COUNTIFS($H$4:$H$198,"MKT33",$E$4:$E$198,"LGBTIQAN+") -> 2 | U11: 20-39 | V11: N/A | X11: LGBTIQAN+ | Y11: =COUNTIFS($H$4:$H$198,"MKT50",$E$4:$E$198,"LGBTIQAN+") -> 1 | Z11: 20-39 | AA11: N/A
A12: 9 | B12: 3389 | C12: =IFERROR(VLOOKUP(B12,'Runner List'!$B$3:$O$505,5,FALSE),0) -> PANUPONG THAWAI | D12: =IFERROR(VLOOKUP(B12,'Runner List'!$B$3:$O$505,6,FALSE),0) -> PANUPONG.T | E12: =IFERROR(VLOOKUP(B12,'Runner List'!$B$3:$O$505,7,FALSE),0) -> Male | F12: =IFERROR(VLOOKUP(B12,'Runner List'!$B$3:$O$505,8,FALSE),0) -> 20-39 | G12: =IFERROR(VLOOKUP(B12,'Runner List'!$B$3:$O$505,9,FALSE),0) -> Thai | H12: =IFERROR(VLOOKUP(B12,'Runner List'!$B$3:$O$505,10,FALSE),0) -> MKT33 | I12: =IFERROR(VLOOKUP(B12,'(2)Check In'!$B$4:$I$848,7,FALSE),0) -> 45550.227 | J12: =IFERROR(VLOOKUP(B12,'(2)Check In'!$B$4:$I$848,8,FALSE),0) -> 0.22916667 | K12: =IF(B12="","",IF(K12="",NOW(),K12)) -> 45550.442 | L12: =K12-J12 -> 45550.213 | M12: =COUNTIFS($H$3:H12,H12) -> 9 | N12: =COUNTIFS(F$3:$F12,F12,H$3:$H12,H12,E$3:$E12,E12) -> 5 | O12: =COUNTIFS($F$3:F12,F12,$H$3:H12,H12) -> 5 | U12: 40-49 | V12: N/A | Z12: 40-49 | AA12: N/A
A13: 10 | B13: 3371 | C13: =IFERROR(VLOOKUP(B13,'Runner List'!$B$3:$O$505,5,FALSE),0) -> CHARUWAT KETSORN | D13: =IFERROR(VLOOKUP(B13,'Runner List'!$B$3:$O$505,6,FALSE),0) -> CHARUWAT.K | E13: =IFERROR(VLOOKUP(B13,'Runner List'!$B$3:$O$505,7,FALSE),0) -> Male | F13: =IFERROR(VLOOKUP(B13,'Runner List'!$B$3:$O$505,8,FALSE),0) -> 50-59 | G13: =IFERROR(VLOOKUP(B13,'Runner List'!$B$3:$O$505,9,FALSE),0) -> Thai | H13: =IFERROR(VLOOKUP(B13,'Runner List'!$B$3:$O$505,10,FALSE),0) -> MKT33 | I13: =IFERROR(VLOOKUP(B13,'(2)Check In'!$B$4:$I$848,7,FALSE),0) -> 45550.229 | J13: =IFERROR(VLOOKUP(B13,'(2)Check In'!$B$4:$I$848,8,FALSE),0) -> 0.22916667 | K13: =IF(B13="","",IF(K13="",NOW(),K13)) -> 45550.446 | L13: =K13-J13 -> 45550.217 | M13: =COUNTIFS($H$3:H13,H13) -> 10 | N13: =COUNTIFS(F$3:$F13,F13,H$3:$H13,H13,E$3:$E13,E13) -> 2 | O13: =COUNTIFS($F$3:F13,F13,$H$3:H13,H13) -> 2 | U13: 50-59 | V13: N/A | Z13: 50-59 | AA13: N/A
A14: 11 | B14: 3348 | C14: =IFERROR(VLOOKUP(B14,'Runner List'!$B$3:$O$505,5,FALSE),0) -> OLIVER HELM | D14: =IFERROR(VLOOKUP(B14,'Runner List'!$B$3:$O$505,6,FALSE),0) -> OLIVER HELM | E14: =IFERROR(VLOOKUP(B14,'Runner List'!$B$3:$O$505,7,FALSE),0) -> Male | F14: =IFERROR(VLOOKUP(B14,'Runner List'!$B$3:$O$505,8,FALSE),0) -> 20-39 | G14: =IFERROR(VLOOKUP(B14,'Runner List'!$B$3:$O$505,9,FALSE),0) -> New Zealand | H14: =IFERROR(VLOOKUP(B14,'Runner List'!$B$3:$O$505,10,FALSE),0) -> MKT33 | I14: =IFERROR(VLOOKUP(B14,'(2)Check In'!$B$4:$I$848,7,FALSE),0) -> 45550.226 | J14: =IFERROR(VLOOKUP(B14,'(2)Check In'!$B$4:$I$848,8,FALSE),0) -> 0.22916667 | K14: =IF(B14="","",IF(K14="",NOW(),K14)) -> 45550.447 | L14: =K14-J14 -> 45550.218 | M14: =COUNTIFS($H$3:H14,H14) -> 11 | N14: =COUNTIFS(F$3:$F14,F14,H$3:$H14,H14,E$3:$E14,E14) -> 6 | O14: =COUNTIFS($F$3:F14,F14,$H$3:H14,H14) -> 6 | U14: 60 Plus | V14: N/A | Z14: 60 Plus | AA14: N/A
A15: 12 | B15: 3370 | C15: =IFERROR(VLOOKUP(B15,'Runner List'!$B$3:$O$505,5,FALSE),0) -> WECHSON KHAMPINIT | D15: =IFERROR(VLOOKUP(B15,'Runner List'!$B$3:$O$505,6,FALSE),0) -> WECHSON.K | E15: =IFERROR(VLOOKUP(B15,'Runner List'!$B$3:$O$505,7,FALSE),0) -> Male | F15: =IFERROR(VLOOKUP(B15,'Runner List'!$B$3:$O$505,8,FALSE),0) -> 60 Plus | G15: =IFERROR(VLOOKUP(B15,'Runner List'!$B$3:$O$505,9,FALSE),0) -> Thai | H15: =IFERROR(VLOOKUP(B15,'Runner List'!$B$3:$O$505,10,FALSE),0) -> MKT33 | I15: =IFERROR(VLOOKUP(B15,'(2)Check In'!$B$4:$I$848,7,FALSE),0) -> 45550.229 | J15: =IFERROR(VLOOKUP(B15,'(2)Check In'!$B$4:$I$848,8,FALSE),0) -> 0.22916667 | K15: =IF(B15="","",IF(K15="",NOW(),K15)) -> 45550.447 | L15: =K15-J15 -> 45550.218 | M15: =COUNTIFS($H$3:H15,H15) -> 12 | N15: =COUNTIFS(F$3:$F15,F15,H$3:$H15,H15,E$3:$E15,E15) -> 1 | O15: =COUNTIFS($F$3:F15,F15,$H$3:H15,H15) -> 1 | T15: =SUM(T4:T14) -> 66 | Y15: =SUM(Y4:Y14) -> 34
A16: 13 | B16: 3386 | C16: =IFERROR(VLOOKUP(B16,'Runner List'!$B$3:$O$505,5,FALSE),0) -> ARTITH KORKIETSOPA | D16: =IFERROR(VLOOKUP(B16,'Runner List'!$B$3:$O$505,6,FALSE),0) -> ARTITH.K | E16: =IFERROR(VLOOKUP(B16,'Runner List'!$B$3:$O$505,7,FALSE),0) -> Male | F16: =IFERROR(VLOOKUP(B16,'Runner List'!$B$3:$O$505,8,FALSE),0) -> 20-39 | G16: =IFERROR(VLOOKUP(B16,'Runner List'!$B$3:$O$505,9,FALSE),0) -> Thai | H16: =IFERROR(VLOOKUP(B16,'Runner List'!$B$3:$O$505,10,FALSE),0) -> MKT33 | I16: =IFERROR(VLOOKUP(B16,'(2)Check In'!$B$4:$I$848,7,FALSE),0) -> 45550.229 | J16: =IFERROR(VLOOKUP(B16,'(2)Check In'!$B$4:$I$848,8,FALSE),0) -> 0.22916667 | K16: =IF(B16="","",IF(K16="",NOW(),K16)) -> 45550.451 | L16: =K16-J16 -> 45550.222 | M16: =COUNTIFS($H$3:H16,H16) -> 13 | N16: =COUNTIFS(F$3:$F16,F16,H$3:$H16,H16,E$3:$E16,E16) -> 7 | O16: =COUNTIFS($F$3:F16,F16,$H$3:H16,H16) -> 7
A17: 14 | B17: 3337 | C17: =IFERROR(VLOOKUP(B17,'Runner List'!$B$3:$O$505,5,FALSE),0) -> CHAIRAT TEEKHASAENEE | D17: =IFERROR(VLOOKUP(B17,'Runner List'!$B$3:$O$505,6,FALSE),0) -> CHAIRAT.T | E17: =IFERROR(VLOOKUP(B17,'Runner List'!$B$3:$O$505,7,FALSE),0) -> Male | F17: =IFERROR(VLOOKUP(B17,'Runner List'!$B$3:$O$505,8,FALSE),0) -> 50-59 | G17: =IFERROR(VLOOKUP(B17,'Runner List'!$B$3:$O$505,9,FALSE),0) -> Thai | H17: =IFERROR(VLOOKUP(B17,'Runner List'!$B$3:$O$505,10,FALSE),0) -> MKT33 | I17: =IFERROR(VLOOKUP(B17,'(2)Check In'!$B$4:$I$848,7,FALSE),0) -> 45550.228 | J17: =IFERROR(VLOOKUP(B17,'(2)Check In'!$B$4:$I$848,8,FALSE),0) -> 0.22916667 | K17: =IF(B17="","",IF(K17="",NOW(),K17)) -> 45550.457 | L17: =K17-J17 -> 45550.228 | M17: =COUNTIFS($H$3:H17,H17) -> 14 | N17: =COUNTIFS(F$3:$F17,F17,H$3:$H17,H17,E$3:$E17,E17) -> 3 | O17: =COUNTIFS($F$3:F17,F17,$H$3:H17,H17) -> 3
A18: 15 | B18: 3316 | C18: =IFERROR(VLOOKUP(B18,'Runner List'!$B$3:$O$505,5,FALSE),0) -> NIPON PATCHARASATID | D18: =IFERROR(VLOOKUP(B18,'Runner List'!$B$3:$O$505,6,FALSE),0) -> NIPON.P | E18: =IFERROR(VLOOKUP(B18,'Runner List'!$B$3:$O$505,7,FALSE),0) -> Male | F18: =IFERROR(VLOOKUP(B18,'Runner List'!$B$3:$O$505,8,FALSE),0) -> 40-49 | G18: =IFERROR(VLOOKUP(B18,'Runner List'!$B$3:$O$505,9,FALSE),0) -> Thai | H18: =IFERROR(VLOOKUP(B18,'Runner List'!$B$3:$O$505,10,FALSE),0) -> MKT33 | I18: =IFERROR(VLOOKUP(B18,'(2)Check In'!$B$4:$I$848,7,FALSE),0) -> 45550.228 | J18: =IFERROR(VLOOKUP(B18,'(2)Check In'!$B$4:$I$848,8,FALSE),0) -> 0.22916667 | K18: =IF(B18="","",IF(K18="",NOW(),K18)) -> 45550.459 | L18: =K18-J18 -> 45550.23 | M18: =COUNTIFS($H$3:H18,H18) -> 15 | N18: =COUNTIFS(F$3:$F18,F18,H$3:$H18,H18,E$3:$E18,E18) -> 4 | O18: =COUNTIFS($F$3:F18,F18,$H$3:H18,H18) -> 4
A19: 16 | B19: 3364 | C19: =IFERROR(VLOOKUP(B19,'Runner List'!$B$3:$O$505,5,FALSE),0) -> EMMANUEL ABADIE | D19: =IFERROR(VLOOKUP(B19,'Runner List'!$B$3:$O$505,6,FALSE),0) -> EMMANUEL.A | E19: =IFERROR(VLOOKUP(B19,'Runner List'!$B$3:$O$505,7,FALSE),0) -> Male | F19: =IFERROR(VLOOKUP(B19,'Runner List'!$B$3:$O$505,8,FALSE),0) -> 20-39 | G19: =IFERROR(VLOOKUP(B19,'Runner List'!$B$3:$O$505,9,FALSE),0) -> French | H19: =IFERROR(VLOOKUP(B19,'Runner List'!$B$3:$O$505,10,FALSE),0) -> MKT33 | I19: =IFERROR(VLOOKUP(B19,'(2)Check In'!$B$4:$I$848,7,FALSE),0) -> 45550.227 | J19: =IFERROR(VLOOKUP(B19,'(2)Check In'!$B$4:$I$848,8,FALSE),0) -> 0.22916667 | K19: =IF(B19="","",IF(K19="",NOW(),K19)) -> 45550.461 | L19: =K19-J19 -> 45550.232 | M19: =COUNTIFS($H$3:H19,H19) -> 16 | N19: =COUNTIFS(F$3:$F19,F19,H$3:$H19,H19,E$3:$E19,E19) -> 8 | O19: =COUNTIFS($F$3:F19,F19,$H$3:H19,H19) -> 8
A20: 17 | B20: 3322 | C20: =IFERROR(VLOOKUP(B20,'Runner List'!$B$3:$O$505,5,FALSE),0) -> TEERAPONG TUMMAPAN | D20: =IFERROR(VLOOKUP(B20,'Runner List'!$B$3:$O$505,6,FALSE),0) -> TEERAPONG.T | E20: =IFERROR(VLOOKUP(B20,'Runner List'!$B$3:$O$505,7,FALSE),0) -> Male | F20: =IFERROR(VLOOKUP(B20,'Runner List'!$B$3:$O$505,8,FALSE),0) -> 20-39 | G20: =IFERROR(VLOOKUP(B20,'Runner List'!$B$3:$O$505,9,FALSE),0) -> Thai | H20: =IFERROR(VLOOKUP(B20,'Runner List'!$B$3:$O$505,10,FALSE),0) -> MKT33 | I20: =IFERROR(VLOOKUP(B20,'(2)Check In'!$B$4:$I$848,7,FALSE),0) -> 45550.228 | J20: =IFERROR(VLOOKUP(B20,'(2)Check In'!$B$4:$I$848,8,FALSE),0) -> 0.22916667 | K20: =IF(B20="","",IF(K20="",NOW(),K20)) -> 45550.462 | L20: =K20-J20 -> 45550.233 | M20: =COUNTIFS($H$3:H20,H20) -> 17 | N20: =COUNTIFS(F$3:$F20,F20,H$3:$H20,H20,E$3:$E20,E20) -> 9 | O20: =COUNTIFS($F$3:F20,F20,$H$3:H20,H20) -> 9
A21: 18 | B21: 3383 | C21: =IFERROR(VLOOKUP(B21,'Runner List'!$B$3:$O$505,5,FALSE),0) -> SARAVUT CHAIBOONRUANG | D21: =IFERROR(VLOOKUP(B21,'Runner List'!$B$3:$O$505,6,FALSE),0) -> SARAVUT.C | E21: =IFERROR(VLOOKUP(B21,'Runner List'!$B$3:$O$505,7,FALSE),0) -> Male | F21: =IFERROR(VLOOKUP(B21,'Runner List'!$B$3:$O$505,8,FALSE),0) -> 40-49 | G21: =IFERROR(VLOOKUP(B21,'Runner List'!$B$3:$O$505,9,FALSE),0) -> Thai | H21: =IFERROR(VLOOKUP(B21,'Runner List'!$B$3:$O$505,10,FALSE),0) -> MKT33 | I21: =IFERROR(VLOOKUP(B21,'(2)Check In'!$B$4:$I$848,7,FALSE),0) -> 45550.227 | J21: =IFERROR(VLOOKUP(B21,'(2)Check In'!$B$4:$I$848,8,FALSE),0) -> 0.22916667 | K21: =IF(B21="","",IF(K21="",NOW(),K21)) -> 45550.463 | L21: =K21-J21 -> 45550.234 | M21: =COUNTIFS($H$3:H21,H21) -> 18 | N21: =COUNTIFS(F$3:$F21,F21,H$3:$H21,H21,E$3:$E21,E21) -> 5 | O21: =COUNTIFS($F$3:F21,F21,$H$3:H21,H21) -> 5
A22: 19 | B22: 3369 | C22: =IFERROR(VLOOKUP(B22,'Runner List'!$B$3:$O$505,5,FALSE),0) -> SURASAK CHUNTAPA | D22: =IFERROR(VLOOKUP(B22,'Runner List'!$B$3:$O$505,6,FALSE),0) -> SURASAK.C | E22: =IFERROR(VLOOKUP(B22,'Runner List'!$B$3:$O$505,7,FALSE),0) -> Male | F22: =IFERROR(VLOOKUP(B22,'Runner List'!$B$3:$O$505,8,FALSE),0) -> 20-39 | G22: =IFERROR(VLOOKUP(B22,'Runner List'!$B$3:$O$505,9,FALSE),0) -> Thai | H22: =IFERROR(VLOOKUP(B22,'Runner List'!$B$3:$O$505,10,FALSE),0) -> MKT33 | I22: =IFERROR(VLOOKUP(B22,'(2)Check In'!$B$4:$I$848,7,FALSE),0) -> 45550.227 | J22: =IFERROR(VLOOKUP(B22,'(2)Check In'!$B$4:$I$848,8,FALSE),0) -> 0.22916667 | K22: =IF(B22="","",IF(K22="",NOW(),K22)) -> 45550.463 | L22: =K22-J22 -> 45550.234 | M22: =COUNTIFS($H$3:H22,H22) -> 19 | N22: =COUNTIFS(F$3:$F22,F22,H$3:$H22,H22,E$3:$E22,E22) -> 10 | O22: =COUNTIFS($F$3:F22,F22,$H$3:H22,H22) -> 10
A23: 20 | B23: 3390 | C23: =IFERROR(VLOOKUP(B23,'Runner List'!$B$3:$O$505,5,FALSE),0) -> URAIWAN JINAPHO | D23: =IFERROR(VLOOKUP(B23,'Runner List'!$B$3:$O$505,6,FALSE),0) -> URAIWAN.J | E23: =IFERROR(VLOOKUP(B23,'Runner List'!$B$3:$O$505,7,FALSE),0) -> Female | F23: =IFERROR(VLOOKUP(B23,'Runner List'!$B$3:$O$505,8,FALSE),0) -> 20-39 | G23: =IFERROR(VLOOKUP(B23,'Runner List'!$B$3:$O$505,9,FALSE),0) -> Thai | H23: =IFERROR(VLOOKUP(B23,'Runner List'!$B$3:$O$505,10,FALSE),0) -> MKT33 | I23: =IFERROR(VLOOKUP(B23,'(2)Check In'!$B$4:$I$848,7,FALSE),0) -> 45550.226 | J23: =IFERROR(VLOOKUP(B23,'(2)Check In'!$B$4:$I$848,8,FALSE),0) -> 0.22916667 | K23: =IF(B23="","",IF(K23="",NOW(),K23)) -> 45550.469 | L23: =K23-J23 -> 45550.24 | M23: =COUNTIFS($H$3:H23,H23) -> 20 | N23: =COUNTIFS(F$3:$F23,F23,H$3:$H23,H23,E$3:$E23,E23) -> 1 | O23: =COUNTIFS($F$3:F23,F23,$H$3:H23,H23) -> 11
A24: 21 | B24: 3353 | C24: =IFERROR(VLOOKUP(B24,'Runner List'!$B$3:$O$505,5,FALSE),0) -> MANOO SUKTHANG | D24: =IFERROR(VLOOKUP(B24,'Runner List'!$B$3:$O$505,6,FALSE),0) -> MANOO.S | E24: =IFERROR(VLOOKUP(B24,'Runner List'!$B$3:$O$505,7,FALSE),0) -> Male | F24: =IFERROR(VLOOKUP(B24,'Runner List'!$B$3:$O$505,8,FALSE),0) -> 40-49 | G24: =IFERROR(VLOOKUP(B24,'Runner List'!$B$3:$O$505,9,FALSE),0) -> Thai | H24: =IFERROR(VLOOKUP(B24,'Runner List'!$B$3:$O$505,10,FALSE),0) -> MKT33 | I24: =IFERROR(VLOOKUP(B24,'(2)Check In'!$B$4:$I$848,7,FALSE),0) -> 45550.227 | J24: =IFERROR(VLOOKUP(B24,'(2)Check In'!$B$4:$I$848,8,FALSE),0) -> 0.22916667 | K24: =IF(B24="","",IF(K24="",NOW(),K24)) -> 45550.471 | L24: =K24-J24 -> 45550.242 | M24: =COUNTIFS($H$3:H24,H24) -> 21 | N24: =COUNTIFS(F$3:$F24,F24,H$3:$H24,H24,E$3:$E24,E24) -> 6 | O24: =COUNTIFS($F$3:F24,F24,$H$3:H24,H24) -> 6
A25: 22 | B25: 3382 | C25: =IFERROR(VLOOKUP(B25,'Runner List'!$B$3:$O$505,5,FALSE),0) -> KHATTIYA HOMTHONG | D25: =IFERROR(VLOOKUP(B25,'Runner List'!$B$3:$O$505,6,FALSE),0) -> KHATTIYA.H | E25: =IFERROR(VLOOKUP(B25,'Runner List'!$B$3:$O$505,7,FALSE),0) -> Female | F25: =IFERROR(VLOOKUP(B25,'Runner List'!$B$3:$O$505,8,FALSE),0) -> 20-39 | G25: =IFERROR(VLOOKUP(B25,'Runner List'!$B$3:$O$505,9,FALSE),0) -> Thai | H25: =IFERROR(VLOOKUP(B25,'Runner List'!$B$3:$O$505,10,FALSE),0) -> MKT33 | I25: =IFERROR(VLOOKUP(B25,'(2)Check In'!$B$4:$I$848,7,FALSE),0) -> 45550.227 | J25: =IFERROR(VLOOKUP(B25,'(2)Check In'!$B$4:$I$848,8,FALSE),0) -> 0.22916667 | K25: =IF(B25="","",IF(K25="",NOW(),K25)) -> 45550.473 | L25: =K25-J25 -> 45550.244 | M25: =COUNTIFS($H$3:H25,H25) -> 22 | N25: =COUNTIFS(F$3:$F25,F25,H$3:$H25,H25,E$3:$E25,E25) -> 2 | O25: =COUNTIFS($F$3:F25,F25,$H$3:H25,H25) -> 12
A26: 23 | B26: 3385 | C26: =IFERROR(VLOOKUP(B26,'Runner List'!$B$3:$O$505,5,FALSE),0) -> UDOM YAVILAS | D26: =IFERROR(VLOOKUP(B26,'Runner List'!$B$3:$O$505,6,FALSE),0) -> UDOM.Y | E26: =IFERROR(VLOOKUP(B26,'Runner List'!$B$3:$O$505,7,FALSE),0) -> Male | F26: =IFERROR(VLOOKUP(B26,'Runner List'!$B$3:$O$505,8,FALSE),0) -> 50-59 | G26: =IFERROR(VLOOKUP(B26,'Runner List'!$B$3:$O$505,9,FALSE),0) -> Thai | H26: =IFERROR(VLOOKUP(B26,'Runner List'!$B$3:$O$505,10,FALSE),0) -> MKT33 | I26: =IFERROR(VLOOKUP(B26,'(2)Check In'!$B$4:$I$848,7,FALSE),0) -> 45550.229 | J26: =IFERROR(VLOOKUP(B26,'(2)Check In'!$B$4:$I$848,8,FALSE),0) -> 0.22916667 | K26: =IF(B26="","",IF(K26="",NOW(),K26)) -> 45550.474 | L26: =K26-J26 -> 45550.245 | M26: =COUNTIFS($H$3:H26,H26) -> 23 | N26: =COUNTIFS(F$3:$F26,F26,H$3:$H26,H26,E$3:$E26,E26) -> 4 | O26: =COUNTIFS($F$3:F26,F26,$H$3:H26,H26) -> 4
A27: 24 | B27: 3384 | C27: =IFERROR(VLOOKUP(B27,'Runner List'!$B$3:$O$505,5,FALSE),0) -> SOPHA USUMANI | D27: =IFERROR(VLOOKUP(B27,'Runner List'!$B$3:$O$505,6,FALSE),0) -> SOPHA.U | E27: =IFERROR(VLOOKUP(B27,'Runner List'!$B$3:$O$505,7,FALSE),0) -> Female | F27: =IFERROR(VLOOKUP(B27,'Runner List'!$B$3:$O$505,8,FALSE),0) -> 40-49 | G27: =IFERROR(VLOOKUP(B27,'Runner List'!$B$3:$O$505,9,FALSE),0) -> Thai | H27: =IFERROR(VLOOKUP(B27,'Runner List'!$B$3:$O$505,10,FALSE),0) -> MKT33 | I27: =IFERROR(VLOOKUP(B27,'(2)Check In'!$B$4:$I$848,7,FALSE),0) -> 45550.228 | J27: =IFERROR(VLOOKUP(B27,'(2)Check In'!$B$4:$I$848,8,FALSE),0) -> 0.22916667 | K27: =IF(B27="","",IF(K27="",NOW(),K27)) -> 45550.474 | L27: =K27-J27 -> 45550.245 | M27: =COUNTIFS($H$3:H27,H27) -> 24 | N27: =COUNTIFS(F$3:$F27,F27,H$3:$H27,H27,E$3:$E27,E27) -> 1 | O27: =COUNTIFS($F$3:F27,F27,$H$3:H27,H27) -> 7
... A59: 56 | B59: 3366 | C59: =IFERROR(VLOOKUP(B59,'Runner List'!$B$3:$O$505,5,FALSE),0) -> SUPAROEK NIYOMKARN | D59: =IFERROR(VLOOKUP(B59,'Runner List'!$B$3:$O$505,6,FALSE),0) -> SUPAROEK.N | E59: =IFERROR(VLOOKUP(B59,'Runner List'!$B$3:$O$505,7,FALSE),0) -> Male | F59: =IFERROR(VLOOKUP(B59,'Runner List'!$B$3:$O$505,8,FALSE),0) -> 20-39 | G59: =IFERROR(VLOOKUP(B59,'Runner List'!$B$3:$O$505,9,FALSE),0) -> Thai | H59: =IFERROR(VLOOKUP(B59,'Runner List'!$B$3:$O$505,10,FALSE),0) -> MKT33 | I59: =IFERROR(VLOOKUP(B59,'(2)Check In'!$B$4:$I$848,7,FALSE),0) -> 45550.229 | J59: =IFERROR(VLOOKUP(B59,'(2)Check In'!$B$4:$I$848,8,FALSE),0) -> 0.22916667 | K59: =IF(B59="","",IF(K59="",NOW(),K59)) -> 45550.576 | L59: =K59-J59 -> 45550.347 | M59: =COUNTIFS($H$3:H59,H59) -> 51 | N59: =COUNTIFS(F$3:$F59,F59,H$3:$H59,H59,E$3:$E59,E59) -> 16 | O59: =COUNTIFS($F$3:F59,F59,$H$3:H59,H59) -> 27
A60: 57 | B60: 3376 | C60: =IFERROR(VLOOKUP(B60,'Runner List'!$B$3:$O$505,5,FALSE),0) -> THUNYALUK BOONPONG | D60: =IFERROR(VLOOKUP(B60,'Runner List'!$B$3:$O$505,6,FALSE),0) -> THUNYALUK.B | E60: =IFERROR(VLOOKUP(B60,'Runner List'!$B$3:$O$505,7,FALSE),0) -> Female | F60: =IFERROR(VLOOKUP(B60,'Runner List'!$B$3:$O$505,8,FALSE),0) -> 20-39 | G60: =IFERROR(VLOOKUP(B60,'Runner List'!$B$3:$O$505,9,FALSE),0) -> Thai | H60: =IFERROR(VLOOKUP(B60,'Runner List'!$B$3:$O$505,10,FALSE),0) -> MKT33 | I60: =IFERROR(VLOOKUP(B60,'(2)Check In'!$B$4:$I$848,7,FALSE),0) -> 45550.227 | J60: =IFERROR(VLOOKUP(B60,'(2)Check In'!$B$4:$I$848,8,FALSE),0) -> 0.22916667 | K60: =IF(B60="","",IF(K60="",NOW(),K60)) -> 45550.577 | L60: =K60-J60 -> 45550.347 | M60: =COUNTIFS($H$3:H60,H60) -> 52 | N60: =COUNTIFS(F$3:$F60,F60,H$3:$H60,H60,E$3:$E60,E60) -> 11 | O60: =COUNTIFS($F$3:F60,F60,$H$3:H60,H60) -> 28 | P60: Cut off
A61: 58 | B61: 3374 | C61: =IFERROR(VLOOKUP(B61,'Runner List'!$B$3:$O$505,5,FALSE),0) -> JULARRUCK LOMPAIBOON | D61: =IFERROR(VLOOKUP(B61,'Runner List'!$B$3:$O$505,6,FALSE),0) -> JULARRUCK.L | E61: =IFERROR(VLOOKUP(B61,'Runner List'!$B$3:$O$505,7,FALSE),0) -> Female | F61: =IFERROR(VLOOKUP(B61,'Runner List'!$B$3:$O$505,8,FALSE),0) -> 60 Plus | G61: =IFERROR(VLOOKUP(B61,'Runner List'!$B$3:$O$505,9,FALSE),0) -> Thai | H61: =IFERROR(VLOOKUP(B61,'Runner List'!$B$3:$O$505,10,FALSE),0) -> MKT33 | I61: =IFERROR(VLOOKUP(B61,'(2)Check In'!$B$4:$I$848,7,FALSE),0) -> 45550.226 | J61: =IFERROR(VLOOKUP(B61,'(2)Check In'!$B$4:$I$848,8,FALSE),0) -> 0.22916667 | K61: =IF(B61="","",IF(K61="",NOW(),K61)) -> 45550.579 | L61: =K61-J61 -> 45550.35 | M61: =COUNTIFS($H$3:H61,H61) -> 53 | N61: =COUNTIFS(F$3:$F61,F61,H$3:$H61,H61,E$3:$E61,E61) -> 1 | O61: =COUNTIFS($F$3:F61,F61,$H$3:H61,H61) -> 3
A62: 59 | B62: 3356 | C62: =IFERROR(VLOOKUP(B62,'Runner List'!$B$3:$O$505,5,FALSE),0) -> MATCHA PHORIN | D62: =IFERROR(VLOOKUP(B62,'Runner List'!$B$3:$O$505,6,FALSE),0) -> MATCHA.P | E62: =IFERROR(VLOOKUP(B62,'Runner List'!$B$3:$O$505,7,FALSE),0) -> LGBTIQAN+ | F62: =IFERROR(VLOOKUP(B62,'Runner List'!$B$3:$O$505,8,FALSE),0) -> 40-49 | G62: =IFERROR(VLOOKUP(B62,'Runner List'!$B$3:$O$505,9,FALSE),0) -> Thai | H62: =IFERROR(VLOOKUP(B62,'Runner List'!$B$3:$O$505,10,FALSE),0) -> MKT33 | I62: =IFERROR(VLOOKUP(B62,'(2)Check In'!$B$4:$I$848,7,FALSE),0) -> 45550.229 | J62: =IFERROR(VLOOKUP(B62,'(2)Check In'!$B$4:$I$848,8,FALSE),0) -> 0.22916667 | K62: =IF(B62="","",IF(K62="",NOW(),K62)) -> 45550.581 | L62: =K62-J62 -> 45550.352 | M62: =COUNTIFS($H$3:H62,H62) -> 54 | N62: =COUNTIFS(H$3:$H62,H62,E$3:$E62,E62) -> 2 | O62: =COUNTIFS($F$3:F62,F62,$H$3:H62,H62) -> 13
A63: 60 | B63: 3349 | C63: =IFERROR(VLOOKUP(B63,'Runner List'!$B$3:$O$505,5,FALSE),0) -> ANUCHIT BOONSIRI | D63: =IFERROR(VLOOKUP(B63,'Runner List'!$B$3:$O$505,6,FALSE),0) -> ANUCHIT.B | E63: =IFERROR(VLOOKUP(B63,'Runner List'!$B$3:$O$505,7,FALSE),0) -> Male | F63: =IFERROR(VLOOKUP(B63,'Runner List'!$B$3:$O$505,8,FALSE),0) -> 50-59 | G63: =IFERROR(VLOOKUP(B63,'Runner List'!$B$3:$O$505,9,FALSE),0) -> Thai | H63: =IFERROR(VLOOKUP(B63,'Runner List'!$B$3:$O$505,10,FALSE),0) -> MKT33 | I63: =IFERROR(VLOOKUP(B63,'(2)Check In'!$B$4:$I$848,7,FALSE),0) -> 45550.227 | J63: =IFERROR(VLOOKUP(B63,'(2)Check In'!$B$4:$I$848,8,FALSE),0) -> 0.22916667 | K63: =IF(B63="","",IF(K63="",NOW(),K63)) -> 45550.583 | L63: =K63-J63 -> 45550.354 | M63: =COUNTIFS($H$3:H63,H63) -> 55 | N63: =COUNTIFS(F$3:$F63,F63,H$3:$H63,H63,E$3:$E63,E63) -> 10 | O63: =COUNTIFS($F$3:F63,F63,$H$3:H63,H63) -> 11
A64: 61 | B64: 5047 | C64: =IFERROR(VLOOKUP(B64,'Runner List'!$B$3:$O$505,5,FALSE),0) -> TAWATCHAI LATHIANG | D64: =IFERROR(VLOOKUP(B64,'Runner List'!$B$3:$O$505,6,FALSE),0) -> TAWATCHAI LATHIANG | E64: =IFERROR(VLOOKUP(B64,'Runner List'!$B$3:$O$505,7,FALSE),0) -> Male | F64: =IFERROR(VLOOKUP(B64,'Runner List'!$B$3:$O$505,8,FALSE),0) -> 20-39 | G64: =IFERROR(VLOOKUP(B64,'Runner List'!$B$3:$O$505,9,FALSE),0) -> Thai | H64: =IFERROR(VLOOKUP(B64,'Runner List'!$B$3:$O$505,10,FALSE),0) -> MKT50 | I64: =IFERROR(VLOOKUP(B64,'(2)Check In'!$B$4:$I$848,7,FALSE),0) -> 45550.204 | J64: =IFERROR(VLOOKUP(B64,'(2)Check In'!$B$4:$I$848,8,FALSE),0) -> 0.20833333 | K64: =IF(B64="","",IF(K64="",NOW(),K64)) -> 45550.584 | L64: =K64-J64 -> 45550.376 | M64: =COUNTIFS($H$3:H64,H64) -> 6 | N64: =COUNTIFS(F$3:$F64,F64,H$3:$H64,H64,E$3:$E64,E64) -> 1 | O64: =COUNTIFS($F$3:F64,F64,$H$3:H64,H64) -> 1
A65: 62 | B65: 3351 | C65: =IFERROR(VLOOKUP(B65,'Runner List'!$B$3:$O$505,5,FALSE),0) -> CHRISTIAN WENDELL | D65: =IFERROR(VLOOKUP(B65,'Runner List'!$B$3:$O$505,6,FALSE),0) -> CHRISTIAN.W | E65: =IFERROR(VLOOKUP(B65,'Runner List'!$B$3:$O$505,7,FALSE),0) -> Male | F65: =IFERROR(VLOOKUP(B65,'Runner List'!$B$3:$O$505,8,FALSE),0) -> 40-49 | G65: =IFERROR(VLOOKUP(B65,'Runner List'!$B$3:$O$505,9,FALSE),0) -> Philippines | H65: =IFERROR(VLOOKUP(B65,'Runner List'!$B$3:$O$505,10,FALSE),0) -> MKT33 | I65: =IFERROR(VLOOKUP(B65,'(2)Check In'!$B$4:$I$848,7,FALSE),0) -> 45550.227 | J65: =IFERROR(VLOOKUP(B65,'(2)Check In'!$B$4:$I$848,8,FALSE),0) -> 0.22916667 | K65: =IF(B65="","",IF(K65="",NOW(),K65)) -> 45550.59 | L65: =K65-J65 -> 45550.361 | M65: =COUNTIFS($H$3:H65,H65) -> 56 | N65: =COUNTIFS(F$3:$F65,F65,H$3:$H65,H65,E$3:$E65,E65) -> 10 | O65: =COUNTIFS($F$3:F65,F65,$H$3:H65,H65) -> 14
A66: 63 | B66: 5040 | C66: =IFERROR(VLOOKUP(B66,'Runner List'!$B$3:$O$505,5,FALSE),0) -> ROBERT MCCONNON | D66: =IFERROR(VLOOKUP(B66,'Runner List'!$B$3:$O$505,6,FALSE),0) -> ROBERT.M | E66: =IFERROR(VLOOKUP(B66,'Runner List'!$B$3:$O$505,7,FALSE),0) -> Male | F66: =IFERROR(VLOOKUP(B66,'Runner List'!$B$3:$O$505,8,FALSE),0) -> 40-49 | G66: =IFERROR(VLOOKUP(B66,'Runner List'!$B$3:$O$505,9,FALSE),0) -> Australia | H66: =IFERROR(VLOOKUP(B66,'Runner List'!$B$3:$O$505,10,FALSE),0) -> MKT50 | I66: =IFERROR(VLOOKUP(B66,'(2)Check In'!$B$4:$I$848,7,FALSE),0) -> 45550.204 | J66: =IFERROR(VLOOKUP(B66,'(2)Check In'!$B$4:$I$848,8,FALSE),0) -> 0.20833333 | K66: =IF(B66="","",IF(K66="",NOW(),K66)) -> 45550.592 | L66: =K66-J66 -> 45550.384 | M66: =COUNTIFS($H$3:H66,H66) -> 7 | N66: =COUNTIFS(F$3:$F66,F66,H$3:$H66,H66,E$3:$E66,E66) -> 4 | O66: =COUNTIFS($F$3:F66,F66,$H$3:H66,H66) -> 4
A67: 64 | B67: 3338 | C67: =IFERROR(VLOOKUP(B67,'Runner List'!$B$3:$O$505,5,FALSE),0) -> PANUWAT BUAYOY | D67: =IFERROR(VLOOKUP(B67,'Runner List'!$B$3:$O$505,6,FALSE),0) -> PANUWAT.B | E67: =IFERROR(VLOOKUP(B67,'Runner List'!$B$3:$O$505,7,FALSE),0) -> Male | F67: =IFERROR(VLOOKUP(B67,'Runner List'!$B$3:$O$505,8,FALSE),0) -> 20-39 | G67: =IFERROR(VLOOKUP(B67,'Runner List'!$B$3:$O$505,9,FALSE),0) -> Thai | H67: =IFERROR(VLOOKUP(B67,'Runner List'!$B$3:$O$505,10,FALSE),0) -> MKT33 | I67: =IFERROR(VLOOKUP(B67,'(2)Check In'!$B$4:$I$848,7,FALSE),0) -> 45550.227 | J67: =IFERROR(VLOOKUP(B67,'(2)Check In'!$B$4:$I$848,8,FALSE),0) -> 0.22916667 | K67: =IF(B67="","",IF(K67="",NOW(),K67)) -> 45550.601 | L67: =K67-J67 -> 45550.372 | M67: =COUNTIFS($H$3:H67,H67) -> 57 | N67: =COUNTIFS(F$3:$F67,F67,H$3:$H67,H67,E$3:$E67,E67) -> 17 | O67: =COUNTIFS($F$3:F67,F67,$H$3:H67,H67) -> 29
A68: 65 | B68: 3326 | C68: =IFERROR(VLOOKUP(B68,'Runner List'!$B$3:$O$505,5,FALSE),0) -> JANTHIMA CHOTISTHAYANGURA | D68: =IFERROR(VLOOKUP(B68,'Runner List'!$B$3:$O$505,6,FALSE),0) -> JANTHIMA.C | E68: =IFERROR(VLOOKUP(B68,'Runner List'!$B$3:$O$505,7,FALSE),0) -> Female | F68: =IFERROR(VLOOKUP(B68,'Runner List'!$B$3:$O$505,8,FALSE),0) -> 50-59 | G68: =IFERROR(VLOOKUP(B68,'Runner List'!$B$3:$O$505,9,FALSE),0) -> Thai | H68: =IFERROR(VLOOKUP(B68,'Runner List'!$B$3:$O$505,10,FALSE),0) -> MKT33 | I68: =IFERROR(VLOOKUP(B68,'(2)Check In'!$B$4:$I$848,7,FALSE),0) -> 45550.227 | J68: =IFERROR(VLOOKUP(B68,'(2)Check In'!$B$4:$I$848,8,FALSE),0) -> 0.22916667 | K68: =IF(B68="","",IF(K68="",NOW(),K68)) -> 45550.604 | L68: =K68-J68 -> 45550.375 | M68: =COUNTIFS($H$3:H68,H68) -> 58 | N68: =COUNTIFS(F$3:$F68,F68,H$3:$H68,H68,E$3:$E68,E68) -> 2 | O68: =COUNTIFS($F$3:F68,F68,$H$3:H68,H68) -> 12
A69: 66 | B69: 3325 | C69: =IFERROR(VLOOKUP(B69,'Runner List'!$B$3:$O$505,5,FALSE),0) -> DARANEE CHOTISTHAYANGURA | D69: =IFERROR(VLOOKUP(B69,'Runner List'!$B$3:$O$505,6,FALSE),0) -> DARANEE.C | E69: =IFERROR(VLOOKUP(B69,'Runner List'!$B$3:$O$505,7,FALSE),0) -> Female | F69: =IFERROR(VLOOKUP(B69,'Runner List'!$B$3:$O$505,8,FALSE),0) -> 50-59 | G69: =IFERROR(VLOOKUP(B69,'Runner List'!$B$3:$O$505,9,FALSE),0) -> Thai | H69: =IFERROR(VLOOKUP(B69,'Runner List'!$B$3:$O$505,10,FALSE),0) -> MKT33 | I69: =IFERROR(VLOOKUP(B69,'(2)Check In'!$B$4:$I$848,7,FALSE),0) -> 45550.227 | J69: =IFERROR(VLOOKUP(B69,'(2)Check In'!$B$4:$I$848,8,FALSE),0) -> 0.22916667 | K69: =IF(B69="","",IF(K69="",NOW(),K69)) -> 45550.604 | L69: =K69-J69 -> 45550.375 | M69: =COUNTIFS($H$3:H69,H69) -> 59 | N69: =COUNTIFS(F$3:$F69,F69,H$3:$H69,H69,E$3:$E69,E69) -> 3 | O69: =COUNTIFS($F$3:F69,F69,$H$3:H69,H69) -> 13
A70: 67 | B70: 3332 | C70: =IFERROR(VLOOKUP(B70,'Runner List'!$B$3:$O$505,5,FALSE),0) -> NIPAWAN JAITANONG | D70: =IFERROR(VLOOKUP(B70,'Runner List'!$B$3:$O$505,6,FALSE),0) -> NIPAWAN.J | E70: =IFERROR(VLOOKUP(B70,'Runner List'!$B$3:$O$505,7,FALSE),0) -> Female | F70: =IFERROR(VLOOKUP(B70,'Runner List'!$B$3:$O$505,8,FALSE),0) -> 40-49 | G70: =IFERROR(VLOOKUP(B70,'Runner List'!$B$3:$O$505,9,FALSE),0) -> Thai | H70: =IFERROR(VLOOKUP(B70,'Runner List'!$B$3:$O$505,10,FALSE),0) -> MKT33 | I70: =IFERROR(VLOOKUP(B70,'(2)Check In'!$B$4:$I$848,7,FALSE),0) -> 45550.231 | J70: =IFERROR(VLOOKUP(B70,'(2)Check In'!$B$4:$I$848,8,FALSE),0) -> 0.22916667 | K70: =IF(B70="","",IF(K70="",NOW(),K70)) -> 45550.608 | L70: =K70-J70 -> 45550.379 | M70: =COUNTIFS($H$3:H70,H70) -> 60 | N70: =COUNTIFS(F$3:$F70,F70,H$3:$H70,H70,E$3:$E70,E70) -> 4 | O70: =COUNTIFS($F$3:F70,F70,$H$3:H70,H70) -> 15
A71: 68 | B71: 3328 | C71: =IFERROR(VLOOKUP(B71,'Runner List'!$B$3:$O$505,5,FALSE),0) -> PHAWINEE TIPHAWANG | D71: =IFERROR(VLOOKUP(B71,'Runner List'!$B$3:$O$505,6,FALSE),0) -> PHAWINEE.T | E71: =IFERROR(VLOOKUP(B71,'Runner List'!$B$3:$O$505,7,FALSE),0) -> Female | F71: =IFERROR(VLOOKUP(B71,'Runner List'!$B$3:$O$505,8,FALSE),0) -> 20-39 | G71: =IFERROR(VLOOKUP(B71,'Runner List'!$B$3:$O$505,9,FALSE),0) -> Thai | H71: =IFERROR(VLOOKUP(B71,'Runner List'!$B$3:$O$505,10,FALSE),0) -> MKT33 | I71: =IFERROR(VLOOKUP(B71,'(2)Check In'!$B$4:$I$848,7,FALSE),0) -> 45550.231 | J71: =IFERROR(VLOOKUP(B71,'(2)Check In'!$B$4:$I$848,8,FALSE),0) -> 0.22916667 | K71: =IF(B71="","",IF(K71="",NOW(),K71)) -> 45550.608 | L71: =K71-J71 -> 45550.379 | M71: =COUNTIFS($H$3:H71,H71) -> 61 | N71: =COUNTIFS(F$3:$F71,F71,H$3:$H71,H71,E$3:$E71,E71) -> 12 | O71: =COUNTIFS($F$3:F71,F71,$H$3:H71,H71) -> 30
A72: 69 | B72: 3354 | C72: =IFERROR(VLOOKUP(B72,'Runner List'!$B$3:$O$505,5,FALSE),0) -> SOMPHOL SIRISARINGKARN | D72: =IFERROR(VLOOKUP(B72,'Runner List'!$B$3:$O$505,6,FALSE),0) -> SOMPHOL.S | E72: =IFERROR(VLOOKUP(B72,'Runner List'!$B$3:$O$505,7,FALSE),0) -> Male | F72: =IFERROR(VLOOKUP(B72,'Runner List'!$B$3:$O$505,8,FALSE),0) -> 40-49 | G72: =IFERROR(VLOOKUP(B72,'Runner List'!$B$3:$O$505,9,FALSE),0) -> Thai | H72: =IFERROR(VLOOKUP(B72,'Runner List'!$B$3:$O$505,10,FALSE),0) -> MKT33 | I72: =IFERROR(VLOOKUP(B72,'(2)Check In'!$B$4:$I$848,7,FALSE),0) -> 45550.228 | J72: =IFERROR(VLOOKUP(B72,'(2)Check In'!$B$4:$I$848,8,FALSE),0) -> 0.22916667 | K72: =IF(B72="","",IF(K72="",NOW(),K72)) -> 45550.609 | L72: =K72-J72 -> 45550.38 | M72: =COUNTIFS($H$3:H72,H72) -> 62 | N72: =COUNTIFS(F$3:$F72,F72,H$3:$H72,H72,E$3:$E72,E72) -> 11 | O72: =COUNTIFS($F$3:F72,F72,$H$3:H72,H72) -> 16
A73: 70 | B73: 3324 | C73: =IFERROR(VLOOKUP(B73,'Runner List'!$B$3:$O$505,5,FALSE),0) -> NADHAKAN SHINNARANANTANA | D73: =IFERROR(VLOOKUP(B73,'Runner List'!$B$3:$O$505,6,FALSE),0) -> NADHAKAN.S | E73: =IFERROR(VLOOKUP(B73,'Runner List'!$B$3:$O$505,7,FALSE),0) -> Female | F73: =IFERROR(VLOOKUP(B73,'Runner List'!$B$3:$O$505,8,FALSE),0) -> 40-49 | G73: =IFERROR(VLOOKUP(B73,'Runner List'!$B$3:$O$505,9,FALSE),0) -> Thai | H73: =IFERROR(VLOOKUP(B73,'Runner List'!$B$3:$O$505,10,FALSE),0) -> MKT33 | I73: =IFERROR(VLOOKUP(B73,'(2)Check In'!$B$4:$I$848,7,FALSE),0) -> 45550.227 | J73: =IFERROR(VLOOKUP(B73,'(2)Check In'!$B$4:$I$848,8,FALSE),0) -> 0.22916667 | K73: =IF(B73="","",IF(K73="",NOW(),K73)) -> 45550.612 | L73: =K73-J73 -> 45550.383 | M73: =COUNTIFS($H$3:H73,H73) -> 63 | N73: =COUNTIFS(F$3:$F73,F73,H$3:$H73,H73,E$3:$E73,E73) -> 5 | O73: =COUNTIFS($F$3:F73,F73,$H$3:H73,H73) -> 17
A74: 71 | B74: 5041 | C74: =IFERROR(VLOOKUP(B74,'Runner List'!$B$3:$O$505,5,FALSE),0) -> ALAN FLENING | D74: =IFERROR(VLOOKUP(B74,'Runner List'!$B$3:$O$505,6,FALSE),0) -> ALAN .F | E74: =IFERROR(VLOOKUP(B74,'Runner List'!$B$3:$O$505,7,FALSE),0) -> Male | F74: =IFERROR(VLOOKUP(B74,'Runner List'!$B$3:$O$505,8,FALSE),0) -> 40-49 | G74: =IFERROR(VLOOKUP(B74,'Runner List'!$B$3:$O$505,9,FALSE),0) -> Australia | H74: =IFERROR(VLOOKUP(B74,'Runner List'!$B$3:$O$505,10,FALSE),0) -> MKT50 | I74: =IFERROR(VLOOKUP(B74,'(2)Check In'!$B$4:$I$848,7,FALSE),0) -> 45550.204 | J74: =IFERROR(VLOOKUP(B74,'(2)Check In'!$B$4:$I$848,8,FALSE),0) -> 0.20833333 | K74: =IF(B74="","",IF(K74="",NOW(),K74)) -> 45550.614 | L74: =K74-J74 -> 45550.405 | M74: =COUNTIFS($H$3:H74,H74) -> 8 | N74: =COUNTIFS(F$3:$F74,F74,H$3:$H74,H74,E$3:$E74,E74) -> 5 | O74: =COUNTIFS($F$3:F74,F74,$H$3:H74,H74) -> 5
... A103: 100 | B103: 5015 | C103: =IFERROR(VLOOKUP(B103,'Runner List'!$B$3:$O$505,5,FALSE),0) -> JIAMJIT TANOMSAB | D103: =IFERROR(VLOOKUP(B103,'Runner List'!$B$3:$O$505,6,FALSE),0) -> JIAMJIT.T | E103: =IFERROR(VLOOKUP(B103,'Runner List'!$B$3:$O$505,7,FALSE),0) -> Female | F103: =IFERROR(VLOOKUP(B103,'Runner List'!$B$3:$O$505,8,FALSE),0) -> 50-59 | G103: =IFERROR(VLOOKUP(B103,'Runner List'!$B$3:$O$505,9,FALSE),0) -> Thai | H103: =IFERROR(VLOOKUP(B103,'Runner List'!$B$3:$O$505,10,FALSE),0) -> MKT50 | I103: =IFERROR(VLOOKUP(B103,'(2)Check In'!$B$4:$I$848,7,FALSE),0) -> 45550.204 | J103: =IFERROR(VLOOKUP(B103,'(2)Check In'!$B$4:$I$848,8,FALSE),0) -> 0.20833333 | K103: =IF(B103="","",IF(K103="",NOW(),K103)) -> 45550.83 | L103: =K103-J103 -> 45550.622 | M103: =COUNTIFS($H$3:H103,H103) -> 34 | N103: =COUNTIFS(F$3:$F103,F103,H$3:$H103,H103,E$3:$E103,E103) -> 4 | O103: =COUNTIFS($F$3:F103,F103,$H$3:H103,H103) -> 9
A104: 101 | C104: =IFERROR(VLOOKUP(B104,'Runner List'!$B$3:$O$505,5,FALSE),0) -> 0 | D104: =IFERROR(VLOOKUP(B104,'Runner List'!$B$3:$O$505,6,FALSE),0) -> 0 | E104: =IFERROR(VLOOKUP(B104,'Runner List'!$B$3:$O$505,7,FALSE),0) -> 0 | F104: =IFERROR(VLOOKUP(B104,'Runner List'!$B$3:$O$505,8,FALSE),0) -> 0 | G104: =IFERROR(VLOOKUP(B104,'Runner List'!$B$3:$O$505,9,FALSE),0) -> 0 | H104: =IFERROR(VLOOKUP(B104,'Runner List'!$B$3:$O$505,10,FALSE),0) -> 0 | I104: =IFERROR(VLOOKUP(B104,'(2)Check In'!$B$4:$I$848,7,FALSE),0) -> 0 | J104: =IFERROR(VLOOKUP(B104,'(2)Check In'!$B$4:$I$848,8,FALSE),0) -> 0 | K104: =IF(B104="","",IF(K104="",NOW(),K104)) | L104: =K104-J104 -> #VALUE! | M104: =COUNTIFS($H$3:H104,H104) -> 1 | N104: =COUNTIFS(F$3:$F104,F104,H$3:$H104,H104,E$3:$E104,E104) -> 1 | O104: =COUNTIFS($F$3:F104,F104,$H$3:H104,H104) -> 1
A105: 102 | C105: =IFERROR(VLOOKUP(B105,'Runner List'!$B$3:$O$505,5,FALSE),0) -> 0 | D105: =IFERROR(VLOOKUP(B105,'Runner List'!$B$3:$O$505,6,FALSE),0) -> 0 | E105: =IFERROR(VLOOKUP(B105,'Runner List'!$B$3:$O$505,7,FALSE),0) -> 0 | F105: =IFERROR(VLOOKUP(B105,'Runner List'!$B$3:$O$505,8,FALSE),0) -> 0 | G105: =IFERROR(VLOOKUP(B105,'Runner List'!$B$3:$O$505,9,FALSE),0) -> 0 | H105: =IFERROR(VLOOKUP(B105,'Runner List'!$B$3:$O$505,10,FALSE),0) -> 0 | I105: =IFERROR(VLOOKUP(B105,'(2)Check In'!$B$4:$I$848,7,FALSE),0) -> 0 | J105: =IFERROR(VLOOKUP(B105,'(2)Check In'!$B$4:$I$848,8,FALSE),0) -> 0 | K105: =IF(B105="","",IF(K105="",NOW(),K105)) | L105: =K105-J105 -> #VALUE! | M105: =COUNTIFS($H$3:H105,H105) -> 2 | N105: =COUNTIFS(F$3:$F105,F105,H$3:$H105,H105,E$3:$E105,E105) -> 2 | O105: =COUNTIFS($F$3:F105,F105,$H$3:H105,H105) -> 2
A106: 103 | C106: =IFERROR(VLOOKUP(B106,'Runner List'!$B$3:$O$505,5,FALSE),0) -> 0 | D106: =IFERROR(VLOOKUP(B106,'Runner List'!$B$3:$O$505,6,FALSE),0) -> 0 | E106: =IFERROR(VLOOKUP(B106,'Runner List'!$B$3:$O$505,7,FALSE),0) -> 0 | F106: =IFERROR(VLOOKUP(B106,'Runner List'!$B$3:$O$505,8,FALSE),0) -> 0 | G106: =IFERROR(VLOOKUP(B106,'Runner List'!$B$3:$O$505,9,FALSE),0) -> 0 | H106: =IFERROR(VLOOKUP(B106,'Runner List'!$B$3:$O$505,10,FALSE),0) -> 0 | I106: =IFERROR(VLOOKUP(B106,'(2)Check In'!$B$4:$I$848,7,FALSE),0) -> 0 | J106: =IFERROR(VLOOKUP(B106,'(2)Check In'!$B$4:$I$848,8,FALSE),0) -> 0 | K106: =IF(B106="","",IF(K106="",NOW(),K106)) | L106: =K106-J106 -> #VALUE! | M106: =COUNTIFS($H$3:H106,H106) -> 3 | N106: =COUNTIFS(F$3:$F106,F106,H$3:$H106,H106,E$3:$E106,E106) -> 3 | O106: =COUNTIFS($F$3:F106,F106,$H$3:H106,H106) -> 3
A107: 104 | C107: =IFERROR(VLOOKUP(B107,'Runner List'!$B$3:$O$505,5,FALSE),0) -> 0 | D107: =IFERROR(VLOOKUP(B107,'Runner List'!$B$3:$O$505,6,FALSE),0) -> 0 | E107: =IFERROR(VLOOKUP(B107,'Runner List'!$B$3:$O$505,7,FALSE),0) -> 0 | F107: =IFERROR(VLOOKUP(B107,'Runner List'!$B$3:$O$505,8,FALSE),0) -> 0 | G107: =IFERROR(VLOOKUP(B107,'Runner List'!$B$3:$O$505,9,FALSE),0) -> 0 | H107: =IFERROR(VLOOKUP(B107,'Runner List'!$B$3:$O$505,10,FALSE),0) -> 0 | I107: =IFERROR(VLOOKUP(B107,'(2)Check In'!$B$4:$I$848,7,FALSE),0) -> 0 | J107: =IFERROR(VLOOKUP(B107,'(2)Check In'!$B$4:$I$848,8,FALSE),0) -> 0 | K107: =IF(B107="","",IF(K107="",NOW(),K107)) | L107: =K107-J107 -> #VALUE! | M107: =COUNTIFS($H$3:H107,H107) -> 4 | N107: =COUNTIFS(F$3:$F107,F107,H$3:$H107,H107,E$3:$E107,E107) -> 4 | O107: =COUNTIFS($F$3:F107,F107,$H$3:H107,H107) -> 4
A108: 105 | C108: =IFERROR(VLOOKUP(B108,'Runner List'!$B$3:$O$505,5,FALSE),0) -> 0 | D108: =IFERROR(VLOOKUP(B108,'Runner List'!$B$3:$O$505,6,FALSE),0) -> 0 | E108: =IFERROR(VLOOKUP(B108,'Runner List'!$B$3:$O$505,7,FALSE),0) -> 0 | F108: =IFERROR(VLOOKUP(B108,'Runner List'!$B$3:$O$505,8,FALSE),0) -> 0 | G108: =IFERROR(VLOOKUP(B108,'Runner List'!$B$3:$O$505,9,FALSE),0) -> 0 | H108: =IFERROR(VLOOKUP(B108,'Runner List'!$B$3:$O$505,10,FALSE),0) -> 0 | I108: =IFERROR(VLOOKUP(B108,'(2)Check In'!$B$4:$I$848,7,FALSE),0) -> 0 | J108: =IFERROR(VLOOKUP(B108,'(2)Check In'!$B$4:$I$848,8,FALSE),0) -> 0 | K108: =IF(B108="","",IF(K108="",NOW(),K108)) | L108: =K108-J108 -> #VALUE! | M108: =COUNTIFS($H$3:H108,H108) -> 5 | N108: =COUNTIFS(F$3:$F108,F108,H$3:$H108,H108,E$3:$E108,E108) -> 5 | O108: =COUNTIFS($F$3:F108,F108,$H$3:H108,H108) -> 5
A109: 106 | C109: =IFERROR(VLOOKUP(B109,'Runner List'!$B$3:$O$505,5,FALSE),0) -> 0 | D109: =IFERROR(VLOOKUP(B109,'Runner List'!$B$3:$O$505,6,FALSE),0) -> 0 | E109: =IFERROR(VLOOKUP(B109,'Runner List'!$B$3:$O$505,7,FALSE),0) -> 0 | F109: =IFERROR(VLOOKUP(B109,'Runner List'!$B$3:$O$505,8,FALSE),0) -> 0 | G109: =IFERROR(VLOOKUP(B109,'Runner List'!$B$3:$O$505,9,FALSE),0) -> 0 | H109: =IFERROR(VLOOKUP(B109,'Runner List'!$B$3:$O$505,10,FALSE),0) -> 0 | I109: =IFERROR(VLOOKUP(B109,'(2)Check In'!$B$4:$I$848,7,FALSE),0) -> 0 | J109: =IFERROR(VLOOKUP(B109,'(2)Check In'!$B$4:$I$848,8,FALSE),0) -> 0 | K109: =IF(B109="","",IF(K109="",NOW(),K109)) | L109: =K109-J109 -> #VALUE! | M109: =COUNTIFS($H$3:H109,H109) -> 6 | N109: =COUNTIFS(F$3:$F109,F109,H$3:$H109,H109,E$3:$E109,E109) -> 6 | O109: =COUNTIFS($F$3:F109,F109,$H$3:H109,H109) -> 6
A110: 107 | C110: =IFERROR(VLOOKUP(B110,'Runner List'!$B$3:$O$505,5,FALSE),0) -> 0 | D110: =IFERROR(VLOOKUP(B110,'Runner List'!$B$3:$O$505,6,FALSE),0) -> 0 | E110: =IFERROR(VLOOKUP(B110,'Runner List'!$B$3:$O$505,7,FALSE),0) -> 0 | F110: =IFERROR(VLOOKUP(B110,'Runner List'!$B$3:$O$505,8,FALSE),0) -> 0 | G110: =IFERROR(VLOOKUP(B110,'Runner List'!$B$3:$O$505,9,FALSE),0) -> 0 | H110: =IFERROR(VLOOKUP(B110,'Runner List'!$B$3:$O$505,10,FALSE),0) -> 0 | I110: =IFERROR(VLOOKUP(B110,'(2)Check In'!$B$4:$I$848,7,FALSE),0) -> 0 | J110: =IFERROR(VLOOKUP(B110,'(2)Check In'!$B$4:$I$848,8,FALSE),0) -> 0 | K110: =IF(B110="","",IF(K110="",NOW(),K110)) | L110: =K110-J110 -> #VALUE! | M110: =COUNTIFS($H$3:H110,H110) -> 7 | N110: =COUNTIFS(F$3:$F110,F110,H$3:$H110,H110,E$3:$E110,E110) -> 7 | O110: =COUNTIFS($F$3:F110,F110,$H$3:H110,H110) -> 7
A111: 108 | C111: =IFERROR(VLOOKUP(B111,'Runner List'!$B$3:$O$505,5,FALSE),0) -> 0 | D111: =IFERROR(VLOOKUP(B111,'Runner List'!$B$3:$O$505,6,FALSE),0) -> 0 | E111: =IFERROR(VLOOKUP(B111,'Runner List'!$B$3:$O$505,7,FALSE),0) -> 0 | F111: =IFERROR(VLOOKUP(B111,'Runner List'!$B$3:$O$505,8,FALSE),0) -> 0 | G111: =IFERROR(VLOOKUP(B111,'Runner List'!$B$3:$O$505,9,FALSE),0) -> 0 | H111: =IFERROR(VLOOKUP(B111,'Runner List'!$B$3:$O$505,10,FALSE),0) -> 0 | I111: =IFERROR(VLOOKUP(B111,'(2)Check In'!$B$4:$I$848,7,FALSE),0) -> 0 | J111: =IFERROR(VLOOKUP(B111,'(2)Check In'!$B$4:$I$848,8,FALSE),0) -> 0 | K111: =IF(B111="","",IF(K111="",NOW(),K111)) | L111: =K111-J111 -> #VALUE! | M111: =COUNTIFS($H$3:H111,H111) -> 8 | N111: =COUNTIFS(F$3:$F111,F111,H$3:$H111,H111,E$3:$E111,E111) -> 8 | O111: =COUNTIFS($F$3:F111,F111,$H$3:H111,H111) -> 8
A112: 109 | C112: =IFERROR(VLOOKUP(B112,'Runner List'!$B$3:$O$505,5,FALSE),0) -> 0 | D112: =IFERROR(VLOOKUP(B112,'Runner List'!$B$3:$O$505,6,FALSE),0) -> 0 | E112: =IFERROR(VLOOKUP(B112,'Runner List'!$B$3:$O$505,7,FALSE),0) -> 0 | F112: =IFERROR(VLOOKUP(B112,'Runner List'!$B$3:$O$505,8,FALSE),0) -> 0 | G112: =IFERROR(VLOOKUP(B112,'Runner List'!$B$3:$O$505,9,FALSE),0) -> 0 | H112: =IFERROR(VLOOKUP(B112,'Runner List'!$B$3:$O$505,10,FALSE),0) -> 0 | I112: =IFERROR(VLOOKUP(B112,'(2)Check In'!$B$4:$I$848,7,FALSE),0) -> 0 | J112: =IFERROR(VLOOKUP(B112,'(2)Check In'!$B$4:$I$848,8,FALSE),0) -> 0 | K112: =IF(B112="","",IF(K112="",NOW(),K112)) | L112: =K112-J112 -> #VALUE! | M112: =COUNTIFS($H$3:H112,H112) -> 9 | N112: =COUNTIFS(F$3:$F112,F112,H$3:$H112,H112,E$3:$E112,E112) -> 9 | O112: =COUNTIFS($F$3:F112,F112,$H$3:H112,H112) -> 9
A113: 110 | C113: =IFERROR(VLOOKUP(B113,'Runner List'!$B$3:$O$505,5,FALSE),0) -> 0 | D113: =IFERROR(VLOOKUP(B113,'Runner List'!$B$3:$O$505,6,FALSE),0) -> 0 | E113: =IFERROR(VLOOKUP(B113,'Runner List'!$B$3:$O$505,7,FALSE),0) -> 0 | F113: =IFERROR(VLOOKUP(B113,'Runner List'!$B$3:$O$505,8,FALSE),0) -> 0 | G113: =IFERROR(VLOOKUP(B113,'Runner List'!$B$3:$O$505,9,FALSE),0) -> 0 | H113: =IFERROR(VLOOKUP(B113,'Runner List'!$B$3:$O$505,10,FALSE),0) -> 0 | I113: =IFERROR(VLOOKUP(B113,'(2)Check In'!$B$4:$I$848,7,FALSE),0) -> 0 | J113: =IFERROR(VLOOKUP(B113,'(2)Check In'!$B$4:$I$848,8,FALSE),0) -> 0 | K113: =IF(B113="","",IF(K113="",NOW(),K113)) | L113: =K113-J113 -> #VALUE! | M113: =COUNTIFS($H$3:H113,H113) -> 10 | N113: =COUNTIFS(F$3:$F113,F113,H$3:$H113,H113,E$3:$E113,E113) -> 10 | O113: =COUNTIFS($F$3:F113,F113,$H$3:H113,H113) -> 10
A114: 111 | C114: =IFERROR(VLOOKUP(B114,'Runner List'!$B$3:$O$505,5,FALSE),0) -> 0 | D114: =IFERROR(VLOOKUP(B114,'Runner List'!$B$3:$O$505,6,FALSE),0) -> 0 | E114: =IFERROR(VLOOKUP(B114,'Runner List'!$B$3:$O$505,7,FALSE),0) -> 0 | F114: =IFERROR(VLOOKUP(B114,'Runner List'!$B$3:$O$505,8,FALSE),0) -> 0 | G114: =IFERROR(VLOOKUP(B114,'Runner List'!$B$3:$O$505,9,FALSE),0) -> 0 | H114: =IFERROR(VLOOKUP(B114,'Runner List'!$B$3:$O$505,10,FALSE),0) -> 0 | I114: =IFERROR(VLOOKUP(B114,'(2)Check In'!$B$4:$I$848,7,FALSE),0) -> 0 | J114: =IFERROR(VLOOKUP(B114,'(2)Check In'!$B$4:$I$848,8,FALSE),0) -> 0 | K114: =IF(B114="","",IF(K114="",NOW(),K114)) | L114: =K114-J114 -> #VALUE! | M114: =COUNTIFS($H$3:H114,H114) -> 11 | N114: =COUNTIFS(F$3:$F114,F114,H$3:$H114,H114,E$3:$E114,E114) -> 11 | O114: =COUNTIFS($F$3:F114,F114,$H$3:H114,H114) -> 11
A115: 112 | C115: =IFERROR(VLOOKUP(B115,'Runner List'!$B$3:$O$505,5,FALSE),0) -> 0 | D115: =IFERROR(VLOOKUP(B115,'Runner List'!$B$3:$O$505,6,FALSE),0) -> 0 | E115: =IFERROR(VLOOKUP(B115,'Runner List'!$B$3:$O$505,7,FALSE),0) -> 0 | F115: =IFERROR(VLOOKUP(B115,'Runner List'!$B$3:$O$505,8,FALSE),0) -> 0 | G115: =IFERROR(VLOOKUP(B115,'Runner List'!$B$3:$O$505,9,FALSE),0) -> 0 | H115: =IFERROR(VLOOKUP(B115,'Runner List'!$B$3:$O$505,10,FALSE),0) -> 0 | I115: =IFERROR(VLOOKUP(B115,'(2)Check In'!$B$4:$I$848,7,FALSE),0) -> 0 | J115: =IFERROR(VLOOKUP(B115,'(2)Check In'!$B$4:$I$848,8,FALSE),0) -> 0 | K115: =IF(B115="","",IF(K115="",NOW(),K115)) | L115: =K115-J115 -> #VALUE! | M115: =COUNTIFS($H$3:H115,H115) -> 12 | N115: =COUNTIFS(F$3:$F115,F115,H$3:$H115,H115,E$3:$E115,E115) -> 12 | O115: =COUNTIFS($F$3:F115,F115,$H$3:H115,H115) -> 12
... A201: 198 | C201: =IFERROR(VLOOKUP(B201,'Runner List'!$B$3:$O$505,5,FALSE),0) -> 0 | D201: =IFERROR(VLOOKUP(B201,'Runner List'!$B$3:$O$505,6,FALSE),0) -> 0 | E201: =IFERROR(VLOOKUP(B201,'Runner List'!$B$3:$O$505,7,FALSE),0) -> 0 | F201: =IFERROR(VLOOKUP(B201,'Runner List'!$B$3:$O$505,8,FALSE),0) -> 0 | G201: =IFERROR(VLOOKUP(B201,'Runner List'!$B$3:$O$505,9,FALSE),0) -> 0 | H201: =IFERROR(VLOOKUP(B201,'Runner List'!$B$3:$O$505,10,FALSE),0) -> 0 | I201: =IFERROR(VLOOKUP(B201,'(2)Check In'!$B$4:$I$848,7,FALSE),0) -> 0 | J201: =IFERROR(VLOOKUP(B201,'(2)Check In'!$B$4:$I$848,8,FALSE),0) -> 0 | K201: =IF(B201="","",IF(K201="",NOW(),K201)) | L201: =K201-J201 -> #VALUE! | M201: =COUNTIFS($H$3:H201,H201) -> 98 | N201: =COUNTIFS(F$3:$F201,F201,H$3:$H201,H201,E$3:$E201,E201) -> 98 | O201: =COUNTIFS($F$3:F201,F201,$H$3:H201,H201) -> 98

Sheet (2)Check In
A1: CHECK IN RUNNER "Mae Khanin Trail 2024" | M1: Check In Runner
A2: No. | B2: BIB Number | C2: Name Surname | D2: Gender | E2: Age Group | F2: Nationality | G2: Race | H2: Check in Time | I2: Start Time
A3: ลำดับ | B3: หมายเลขแข่งขัน | C3: ชื่อ-นามสกุล | D3: เพศ | E3: กลุ่มอายุ | F3: สัญชาติ | G3: ระยะแข่งขัน | H3: รายงานตัว ณ จุดปล่อยตัว | I3: เวลาปล่อยตัว | M3: MKT33 | N3: =COUNTIF($G$4:$G$200,"MKT33") -> 74 | R3: MKT50 | S3: =COUNTIF($G$4:$G$200,"MKT50") -> 35
A4: 1 | B4: 5026 | C4: =IFERROR(VLOOKUP(B4,'Runner List'!$B$3:$OT$505,5,FALSE),0) -> MALILA KOSURA | D4: =IFERROR(VLOOKUP(B4,'Runner List'!$B$3:$O$505,7,FALSE),0) -> Female | E4: =IFERROR(VLOOKUP(B4,'Runner List'!$B$3:$O$505,8,FALSE),0) -> 50-59 | F4: =IFERROR(VLOOKUP(B4,'Runner List'!$B$3:$O$505,9,FALSE),0) -> Thai | G4: =IFERROR(VLOOKUP(B4,'Runner List'!$B$3:$O$505,10,FALSE),0) -> MKT50 | H4: =IF(B4="","",IF(H4="",NOW(),H4)) -> 45550.204 | I4: =IFERROR(VLOOKUP(B4,'Runner List'!$B$3:$O$505,12,FALSE),0) -> 0.20833333 | M4: Male | N4: =COUNTIFS($G$4:$G$200,"MKT33",$D$4:$D$200,"Male") -> 47 | O4: 20-39 | P4: =COUNTIFS($G$4:$G$200,"MKT33",$D$4:$D$200,"Male",$E$4:$E$200,"20-39") -> 19 | R4: Male | S4: =COUNTIFS($G$4:$G$200,"MKT50",$D$4:$D$200,"Male") -> 25 | T4: 20-39 | U4: =COUNTIFS($G$4:$G$200,"MKT50",$D$4:$D$200,"Male",$E$4:$E$200,"20-39") -> 3
A5: 2 | B5: 5016 | C5: =IFERROR(VLOOKUP(B5,'Runner List'!$B$3:$OT$505,5,FALSE),0) -> NARUDAPA WATTANATEERAPAK | D5: =IFERROR(VLOOKUP(B5,'Runner List'!$B$3:$O$505,7,FALSE),0) -> Female | E5: =IFERROR(VLOOKUP(B5,'Runner List'!$B$3:$O$505,8,FALSE),0) -> 40-49 | F5: =IFERROR(VLOOKUP(B5,'Runner List'!$B$3:$O$505,9,FALSE),0) -> Thai | G5: =IFERROR(VLOOKUP(B5,'Runner List'!$B$3:$O$505,10,FALSE),0) -> MKT50 | H5: =IF(B5="","",IF(H5="",NOW(),H5)) -> 45550.204 | I5: =IFERROR(VLOOKUP(B5,'Runner List'!$B$3:$O$505,12,FALSE),0) -> 0.20833333 | O5: 40-49 | P5: =COUNTIFS($G$4:$G$200,"MKT33",$D$4:$D$200,"Male",$E$4:$E$200,"40-49") -> 15 | T5: 40-49 | U5: =COUNTIFS($G$4:$G$200,"MKT50",$D$4:$D$200,"Male",$E$4:$E$200,"40-49") -> 14
A6: 3 | B6: 5018 | C6: =IFERROR(VLOOKUP(B6,'Runner List'!$B$3:$OT$505,5,FALSE),0) -> MANOP MAEJIT | D6: =IFERROR(VLOOKUP(B6,'Runner List'!$B$3:$O$505,7,FALSE),0) -> Male | E6: =IFERROR(VLOOKUP(B6,'Runner List'!$B$3:$O$505,8,FALSE),0) -> 40-49 | F6: =IFERROR(VLOOKUP(B6,'Runner List'!$B$3:$O$505,9,FALSE),0) -> Thai | G6: =IFERROR(VLOOKUP(B6,'Runner List'!$B$3:$O$505,10,FALSE),0) -> MKT50 | H6: =IF(B6="","",IF(H6="",NOW(),H6)) -> 45550.204 | I6: =IFERROR(VLOOKUP(B6,'Runner List'!$B$3:$O$505,12,FALSE),0) -> 0.20833333 | O6: 50-59 | P6: =COUNTIFS($G$4:$G$200,"MKT33",$D$4:$D$200,"Male",$E$4:$E$200,"50-59") -> 11 | T6: 50-59 | U6: =COUNTIFS($G$4:$G$200,"MKT50",$D$4:$D$200,"Male",$E$4:$E$200,"50-59") -> 5
A7: 4 | B7: 5040 | C7: =IFERROR(VLOOKUP(B7,'Runner List'!$B$3:$OT$505,5,FALSE),0) -> ROBERT MCCONNON | D7: =IFERROR(VLOOKUP(B7,'Runner List'!$B$3:$O$505,7,FALSE),0) -> Male | E7: =IFERROR(VLOOKUP(B7,'Runner List'!$B$3:$O$505,8,FALSE),0) -> 40-49 | F7: =IFERROR(VLOOKUP(B7,'Runner List'!$B$3:$O$505,9,FALSE),0) -> Australia | G7: =IFERROR(VLOOKUP(B7,'Runner List'!$B$3:$O$505,10,FALSE),0) -> MKT50 | H7: =IF(B7="","",IF(H7="",NOW(),H7)) -> 45550.204 | I7: =IFERROR(VLOOKUP(B7,'Runner List'!$B$3:$O$505,12,FALSE),0) -> 0.20833333 | O7: 60 Plus | P7: =COUNTIFS($G$4:$G$200,"MKT33",$D$4:$D$200,"Male",$E$4:$E$200,"60 Plush") -> 0 | T7: 60 Plus | U7: =COUNTIFS($G$4:$G$200,"MKT50",$D$4:$D$200,"Male",$E$4:$E$200,"60 Plus") -> 3
A8: 5 | B8: 5047 | C8: =IFERROR(VLOOKUP(B8,'Runner List'!$B$3:$OT$505,5,FALSE),0) -> TAWATCHAI LATHIANG | D8: =IFERROR(VLOOKUP(B8,'Runner List'!$B$3:$O$505,7,FALSE),0) -> Male | E8: =IFERROR(VLOOKUP(B8,'Runner List'!$B$3:$O$505,8,FALSE),0) -> 20-39 | F8: =IFERROR(VLOOKUP(B8,'Runner List'!$B$3:$O$505,9,FALSE),0) -> Thai | G8: =IFERROR(VLOOKUP(B8,'Runner List'!$B$3:$O$505,10,FALSE),0) -> MKT50 | H8: =IF(B8="","",IF(H8="",NOW(),H8)) -> 45550.204 | I8: =IFERROR(VLOOKUP(B8,'Runner List'!$B$3:$O$505,12,FALSE),0) -> 0.20833333 | M8: Female | N8: =COUNTIFS($G$4:$G$200,"MKT33",$D$4:$D$200,"Female") -> 25 | O8: 20-39 | P8: =COUNTIFS($G$4:$G$200,"MKT33",$D$4:$D$200,"Female",$E$4:$E$200,"20-39") -> 13 | R8: Female | S8: =COUNTIFS($G$4:$G$200,"MKT50",$D$4:$D$200,"Female") -> 9 | T8: 20-39 | U8: =COUNTIFS($G$4:$G$200,"MKT50",$D$4:$D$200,"Female",$E$4:$E$200,"20-39") -> 0
A9: 6 | B9: 5015 | C9: =IFERROR(VLOOKUP(B9,'Runner List'!$B$3:$OT$505,5,FALSE),0) -> JIAMJIT TANOMSAB | D9: =IFERROR(VLOOKUP(B9,'Runner List'!$B$3:$O$505,7,FALSE),0) -> Female | E9: =IFERROR(VLOOKUP(B9,'Runner List'!$B$3:$O$505,8,FALSE),0) -> 50-59 | F9: =IFERROR(VLOOKUP(B9,'Runner List'!$B$3:$O$505,9,FALSE),0) -> Thai | G9: =IFERROR(VLOOKUP(B9,'Runner List'!$B$3:$O$505,10,FALSE),0) -> MKT50 | H9: =IF(B9="","",IF(H9="",NOW(),H9)) -> 45550.204 | I9: =IFERROR(VLOOKUP(B9,'Runner List'!$B$3:$O$505,12,FALSE),0) -> 0.20833333 | O9: 40-49 | P9: =COUNTIFS($G$4:$G$200,"MKT33",$D$4:$D$200,"Female",$E$4:$E$200,"40-49") -> 7 | T9: 40-49 | U9: =COUNTIFS($G$4:$G$200,"MKT50",$D$4:$D$200,"Female",$E$4:$E$200,"40-49") -> 3
A10: 7 | B10: 5041 | C10: =IFERROR(VLOOKUP(B10,'Runner List'!$B$3:$OT$505,5,FALSE),0) -> ALAN FLENING | D10: =IFERROR(VLOOKUP(B10,'Runner List'!$B$3:$O$505,7,FALSE),0) -> Male | E10: =IFERROR(VLOOKUP(B10,'Runner List'!$B$3:$O$505,8,FALSE),0) -> 40-49 | F10: =IFERROR(VLOOKUP(B10,'Runner List'!$B$3:$O$505,9,FALSE),0) -> Australia | G10: =IFERROR(VLOOKUP(B10,'Runner List'!$B$3:$O$505,10,FALSE),0) -> MKT50 | H10: =IF(B10="","",IF(H10="",NOW(),H10)) -> 45550.204 | I10: =IFERROR(VLOOKUP(B10,'Runner List'!$B$3:$O$505,12,FALSE),0) -> 0.20833333 | O10: 50-59 | P10: =COUNTIFS($G$4:$G$200,"MKT33",$D$4:$D$200,"Female",$E$4:$E$200,"50-59") -> 4 | T10: 50-59 | U10: =COUNTIFS($G$4:$G$200,"MKT50",$D$4:$D$200,"Female",$E$4:$E$200,"50-59") -> 5
A11: 8 | B11: 5017 | C11: =IFERROR(VLOOKUP(B11,'Runner List'!$B$3:$OT$505,5,FALSE),0) -> SIRILAX ROMPHONGERN | D11: =IFERROR(VLOOKUP(B11,'Runner List'!$B$3:$O$505,7,FALSE),0) -> Female | E11: =IFERROR(VLOOKUP(B11,'Runner List'!$B$3:$O$505,8,FALSE),0) -> 50-59 | F11: =IFERROR(VLOOKUP(B11,'Runner List'!$B$3:$O$505,9,FALSE),0) -> Thai | G11: =IFERROR(VLOOKUP(B11,'Runner List'!$B$3:$O$505,10,FALSE),0) -> MKT50 | H11: =IF(B11="","",IF(H11="",NOW(),H11)) -> 45550.204 | I11: =IFERROR(VLOOKUP(B11,'Runner List'!$B$3:$O$505,12,FALSE),0) -> 0.20833333 | O11: 60 Plus | P11: =COUNTIFS($G$4:$G$200,"MKT33",$D$4:$D$200,"Female",$E$4:$E$200,"60 Plush") -> 0 | T11: 60 Plus | U11: =COUNTIFS($G$4:$G$200,"MKT50",$D$4:$D$200,"Female",$E$4:$E$200,"60 Plus") -> 1
A12: 9 | B12: 5046 | C12: =IFERROR(VLOOKUP(B12,'Runner List'!$B$3:$OT$505,5,FALSE),0) -> PATTHANAPICJI TRINWATTHAWORN | D12: =IFERROR(VLOOKUP(B12,'Runner List'!$B$3:$O$505,7,FALSE),0) -> Male | E12: =IFERROR(VLOOKUP(B12,'Runner List'!$B$3:$O$505,8,FALSE),0) -> 40-49 | F12: =IFERROR(VLOOKUP(B12,'Runner List'!$B$3:$O$505,9,FALSE),0) -> Thai | G12: =IFERROR(VLOOKUP(B12,'Runner List'!$B$3:$O$505,10,FALSE),0) -> MKT50 | H12: =IF(B12="","",IF(H12="",NOW(),H12)) -> 45550.204 | I12: =IFERROR(VLOOKUP(B12,'Runner List'!$B$3:$O$505,12,FALSE),0) -> 0.20833333 | M12: LGBTIQAN+ | N12: =COUNTIFS($G$4:$G$200,"MKT33",$D$4:$D$200,"LGBTIQAN+") -> 2 | O12: 20-39 | P12: N/A | R12: LGBTIQAN+ | S12: =COUNTIFS($H$4:$H$200,"MKT50",$E$4:$E$200,"LGBTIQAN+") -> 0 | T12: 20-39 | U12: N/A
A13: 10 | B13: 5034 | C13: =IFERROR(VLOOKUP(B13,'Runner List'!$B$3:$OT$505,5,FALSE),0) -> JEERAPHAN NONTAKA | D13: =IFERROR(VLOOKUP(B13,'Runner List'!$B$3:$O$505,7,FALSE),0) -> Male | E13: =IFERROR(VLOOKUP(B13,'Runner List'!$B$3:$O$505,8,FALSE),0) -> 20-39 | F13: =IFERROR(VLOOKUP(B13,'Runner List'!$B$3:$O$505,9,FALSE),0) -> Thai | G13: =IFERROR(VLOOKUP(B13,'Runner List'!$B$3:$O$505,10,FALSE),0) -> MKT50 | H13: =IF(B13="","",IF(H13="",NOW(),H13)) -> 45550.204 | I13: =IFERROR(VLOOKUP(B13,'Runner List'!$B$3:$O$505,12,FALSE),0) -> 0.20833333 | O13: 40-49 | P13: N/A | T13: 40-49 | U13: N/A
A14: 11 | B14: 5030 | C14: =IFERROR(VLOOKUP(B14,'Runner List'!$B$3:$OT$505,5,FALSE),0) -> WEERAWUT PHABMEK | D14: =IFERROR(VLOOKUP(B14,'Runner List'!$B$3:$O$505,7,FALSE),0) -> Male | E14: =IFERROR(VLOOKUP(B14,'Runner List'!$B$3:$O$505,8,FALSE),0) -> 50-59 | F14: =IFERROR(VLOOKUP(B14,'Runner List'!$B$3:$O$505,9,FALSE),0) -> Thai | G14: =IFERROR(VLOOKUP(B14,'Runner List'!$B$3:$O$505,10,FALSE),0) -> MKT50 | H14: =IF(B14="","",IF(H14="",NOW(),H14)) -> 45550.204 | I14: =IFERROR(VLOOKUP(B14,'Runner List'!$B$3:$O$505,12,FALSE),0) -> 0.20833333 | O14: 50-59 | P14: N/A | T14: 50-59 | U14: N/A
A15: 12 | B15: 5048 | C15: =IFERROR(VLOOKUP(B15,'Runner List'!$B$3:$OT$505,5,FALSE),0) -> SONGWUT BOAKHEM | D15: =IFERROR(VLOOKUP(B15,'Runner List'!$B$3:$O$505,7,FALSE),0) -> Male | E15: =IFERROR(VLOOKUP(B15,'Runner List'!$B$3:$O$505,8,FALSE),0) -> 60 Plus | F15: =IFERROR(VLOOKUP(B15,'Runner List'!$B$3:$O$505,9,FALSE),0) -> Thai | G15: =IFERROR(VLOOKUP(B15,'Runner List'!$B$3:$O$505,10,FALSE),0) -> MKT50 | H15: =IF(B15="","",IF(H15="",NOW(),H15)) -> 45550.204 | I15: =IFERROR(VLOOKUP(B15,'Runner List'!$B$3:$O$505,12,FALSE),0) -> 0.20833333 | O15: 60 Plus | P15: N/A | T15: 60 Plus | U15: N/A
A16: 13 | B16: 5032 | C16: =IFERROR(VLOOKUP(B16,'Runner List'!$B$3:$OT$505,5,FALSE),0) -> MARTIN RIEDINGER | D16: =IFERROR(VLOOKUP(B16,'Runner List'!$B$3:$O$505,7,FALSE),0) -> Male | E16: =IFERROR(VLOOKUP(B16,'Runner List'!$B$3:$O$505,8,FALSE),0) -> 40-49 | F16: =IFERROR(VLOOKUP(B16,'Runner List'!$B$3:$O$505,9,FALSE),0) -> German | G16: =IFERROR(VLOOKUP(B16,'Runner List'!$B$3:$O$505,10,FALSE),0) -> MKT50 | H16: =IF(B16="","",IF(H16="",NOW(),H16)) -> 45550.204 | I16: =IFERROR(VLOOKUP(B16,'Runner List'!$B$3:$O$505,12,FALSE),0) -> 0.20833333 | N16: =SUM(N4:N15) -> 74 | S16: =SUM(S4:S15) -> 34
A17: 14 | B17: 5044 | C17: =IFERROR(VLOOKUP(B17,'Runner List'!$B$3:$OT$505,5,FALSE),0) -> PHONGSATHON JEESOM | D17: =IFERROR(VLOOKUP(B17,'Runner List'!$B$3:$O$505,7,FALSE),0) -> Male | E17: =IFERROR(VLOOKUP(B17,'Runner List'!$B$3:$O$505,8,FALSE),0) -> 40-49 | F17: =IFERROR(VLOOKUP(B17,'Runner List'!$B$3:$O$505,9,FALSE),0) -> Thai | G17: =IFERROR(VLOOKUP(B17,'Runner List'!$B$3:$O$505,10,FALSE),0) -> MKT50 | H17: =IF(B17="","",IF(H17="",NOW(),H17)) -> 45550.204 | I17: =IFERROR(VLOOKUP(B17,'Runner List'!$B$3:$O$505,12,FALSE),0) -> 0.20833333
A18: 15 | B18: 5024 | C18: =IFERROR(VLOOKUP(B18,'Runner List'!$B$3:$OT$505,5,FALSE),0) -> ROSSARIN JINATHAM | D18: =IFERROR(VLOOKUP(B18,'Runner List'!$B$3:$O$505,7,FALSE),0) -> Female | E18: =IFERROR(VLOOKUP(B18,'Runner List'!$B$3:$O$505,8,FALSE),0) -> 40-49 | F18: =IFERROR(VLOOKUP(B18,'Runner List'!$B$3:$O$505,9,FALSE),0) -> Thai | G18: =IFERROR(VLOOKUP(B18,'Runner List'!$B$3:$O$505,10,FALSE),0) -> MKT50 | H18: =IF(B18="","",IF(H18="",NOW(),H18)) -> 45550.204 | I18: =IFERROR(VLOOKUP(B18,'Runner List'!$B$3:$O$505,12,FALSE),0) -> 0.20833333
A19: 16 | B19: 5045 | C19: =IFERROR(VLOOKUP(B19,'Runner List'!$B$3:$OT$505,5,FALSE),0) -> VEERAPONG PAKDEEPRASERT | D19: =IFERROR(VLOOKUP(B19,'Runner List'!$B$3:$O$505,7,FALSE),0) -> Male | E19: =IFERROR(VLOOKUP(B19,'Runner List'!$B$3:$O$505,8,FALSE),0) -> 40-49 | F19: =IFERROR(VLOOKUP(B19,'Runner List'!$B$3:$O$505,9,FALSE),0) -> Thai | G19: =IFERROR(VLOOKUP(B19,'Runner List'!$B$3:$O$505,10,FALSE),0) -> MKT50 | H19: =IF(B19="","",IF(H19="",NOW(),H19)) -> 45550.205 | I19: =IFERROR(VLOOKUP(B19,'Runner List'!$B$3:$O$505,12,FALSE),0) -> 0.20833333
A20: 17 | B20: 5037 | C20: =IFERROR(VLOOKUP(B20,'Runner List'!$B$3:$OT$505,5,FALSE),0) -> JITRA TOIM | D20: =IFERROR(VLOOKUP(B20,'Runner List'!$B$3:$O$505,7,FALSE),0) -> Female | E20: =IFERROR(VLOOKUP(B20,'Runner List'!$B$3:$O$505,8,FALSE),0) -> 40-49 | F20: =IFERROR(VLOOKUP(B20,'Runner List'!$B$3:$O$505,9,FALSE),0) -> Thai | G20: =IFERROR(VLOOKUP(B20,'Runner List'!$B$3:$O$505,10,FALSE),0) -> MKT50 | H20: =IF(B20="","",IF(H20="",NOW(),H20)) -> 45550.205 | I20: =IFERROR(VLOOKUP(B20,'Runner List'!$B$3:$O$505,12,FALSE),0) -> 0.20833333
A21: 18 | B21: 5022 | C21: =IFERROR(VLOOKUP(B21,'Runner List'!$B$3:$OT$505,5,FALSE),0) -> WEERAWAT SHATAREEYAKUL | D21: =IFERROR(VLOOKUP(B21,'Runner List'!$B$3:$O$505,7,FALSE),0) -> Male | E21: =IFERROR(VLOOKUP(B21,'Runner List'!$B$3:$O$505,8,FALSE),0) -> 40-49 | F21: =IFERROR(VLOOKUP(B21,'Runner List'!$B$3:$O$505,9,FALSE),0) -> Thai | G21: =IFERROR(VLOOKUP(B21,'Runner List'!$B$3:$O$505,10,FALSE),0) -> MKT50 | H21: =IF(B21="","",IF(H21="",NOW(),H21)) -> 45550.205 | I21: =IFERROR(VLOOKUP(B21,'Runner List'!$B$3:$O$505,12,FALSE),0) -> 0.20833333
A22: 19 | B22: 5049 | C22: =IFERROR(VLOOKUP(B22,'Runner List'!$B$3:$OT$505,5,FALSE),0) -> SURAPONG PORNPRADIT | D22: =IFERROR(VLOOKUP(B22,'Runner List'!$B$3:$O$505,7,FALSE),0) -> Male | E22: =IFERROR(VLOOKUP(B22,'Runner List'!$B$3:$O$505,8,FALSE),0) -> 60 Plus | F22: =IFERROR(VLOOKUP(B22,'Runner List'!$B$3:$O$505,9,FALSE),0) -> Thai | G22: =IFERROR(VLOOKUP(B22,'Runner List'!$B$3:$O$505,10,FALSE),0) -> MKT50 | H22: =IF(B22="","",IF(H22="",NOW(),H22)) -> 45550.205 | I22: =IFERROR(VLOOKUP(B22,'Runner List'!$B$3:$O$505,12,FALSE),0) -> 0.20833333
A23: 20 | B23: 5035 | C23: =IFERROR(VLOOKUP(B23,'Runner List'!$B$3:$OT$505,5,FALSE),0) -> PEERAPON BOONSRISOD | D23: =IFERROR(VLOOKUP(B23,'Runner List'!$B$3:$O$505,7,FALSE),0) -> Male | E23: =IFERROR(VLOOKUP(B23,'Runner List'!$B$3:$O$505,8,FALSE),0) -> 50-59 | F23: =IFERROR(VLOOKUP(B23,'Runner List'!$B$3:$O$505,9,FALSE),0) -> Thai | G23: =IFERROR(VLOOKUP(B23,'Runner List'!$B$3:$O$505,10,FALSE),0) -> MKT50 | H23: =IF(B23="","",IF(H23="",NOW(),H23)) -> 45550.205 | I23: =IFERROR(VLOOKUP(B23,'Runner List'!$B$3:$O$505,12,FALSE),0) -> 0.20833333
A24: 21 | B24: 5025 | C24: =IFERROR(VLOOKUP(B24,'Runner List'!$B$3:$OT$505,5,FALSE),0) -> NOTTHAKIT KASEE | D24: =IFERROR(VLOOKUP(B24,'Runner List'!$B$3:$O$505,7,FALSE),0) -> Male | E24: =IFERROR(VLOOKUP(B24,'Runner List'!$B$3:$O$505,8,FALSE),0) -> 50-59 | F24: =IFERROR(VLOOKUP(B24,'Runner List'!$B$3:$O$505,9,FALSE),0) -> Thai | G24: =IFERROR(VLOOKUP(B24,'Runner List'!$B$3:$O$505,10,FALSE),0) -> MKT50 | H24: =IF(B24="","",IF(H24="",NOW(),H24)) -> 45550.205 | I24: =IFERROR(VLOOKUP(B24,'Runner List'!$B$3:$O$505,12,FALSE),0) -> 0.20833333
A25: 22 | B25: 5039 | C25: =IFERROR(VLOOKUP(B25,'Runner List'!$B$3:$OT$505,5,FALSE),0) -> KITTIVUT KAEWPRASERT | D25: =IFERROR(VLOOKUP(B25,'Runner List'!$B$3:$O$505,7,FALSE),0) -> Male | E25: =IFERROR(VLOOKUP(B25,'Runner List'!$B$3:$O$505,8,FALSE),0) -> 40-49 | F25: =IFERROR(VLOOKUP(B25,'Runner List'!$B$3:$O$505,9,FALSE),0) -> Thai | G25: =IFERROR(VLOOKUP(B25,'Runner List'!$B$3:$O$505,10,FALSE),0) -> MKT50 | H25: =IF(B25="","",IF(H25="",NOW(),H25)) -> 45550.205 | I25: =IFERROR(VLOOKUP(B25,'Runner List'!$B$3:$O$505,12,FALSE),0) -> 0.20833333
A26: 23 | B26: 5021 | C26: =IFERROR(VLOOKUP(B26,'Runner List'!$B$3:$OT$505,5,FALSE),0) -> KANOKRUD GLANKWAHMDEE | D26: =IFERROR(VLOOKUP(B26,'Runner List'!$B$3:$O$505,7,FALSE),0) -> Female | E26: =IFERROR(VLOOKUP(B26,'Runner List'!$B$3:$O$505,8,FALSE),0) -> 60 Plus | F26: =IFERROR(VLOOKUP(B26,'Runner List'!$B$3:$O$505,9,FALSE),0) -> Thai | G26: =IFERROR(VLOOKUP(B26,'Runner List'!$B$3:$O$505,10,FALSE),0) -> MKT50 | H26: =IF(B26="","",IF(H26="",NOW(),H26)) -> 45550.205 | I26: =IFERROR(VLOOKUP(B26,'Runner List'!$B$3:$O$505,12,FALSE),0) -> 0.20833333
A27: 24 | B27: 5020 | C27: =IFERROR(VLOOKUP(B27,'Runner List'!$B$3:$OT$505,5,FALSE),0) -> BORWORNVIDHYA GLANKWAHMDEE | D27: =IFERROR(VLOOKUP(B27,'Runner List'!$B$3:$O$505,7,FALSE),0) -> Male | E27: =IFERROR(VLOOKUP(B27,'Runner List'!$B$3:$O$505,8,FALSE),0) -> 60 Plus | F27: =IFERROR(VLOOKUP(B27,'Runner List'!$B$3:$O$505,9,FALSE),0) -> Thai | G27: =IFERROR(VLOOKUP(B27,'Runner List'!$B$3:$O$505,10,FALSE),0) -> MKT50 | H27: =IF(B27="","",IF(H27="",NOW(),H27)) -> 45550.205 | I27: =IFERROR(VLOOKUP(B27,'Runner List'!$B$3:$O$505,12,FALSE),0) -> 0.20833333
A28: 25 | B28: 5027 | C28: =IFERROR(VLOOKUP(B28,'Runner List'!$B$3:$OT$505,5,FALSE),0) -> UMAPORN TIRAWAT | D28: =IFERROR(VLOOKUP(B28,'Runner List'!$B$3:$O$505,7,FALSE),0) -> Female | E28: =IFERROR(VLOOKUP(B28,'Runner List'!$B$3:$O$505,8,FALSE),0) -> 50-59 | F28: =IFERROR(VLOOKUP(B28,'Runner List'!$B$3:$O$505,9,FALSE),0) -> Thai | G28: =IFERROR(VLOOKUP(B28,'Runner List'!$B$3:$O$505,10,FALSE),0) -> MKT50 | H28: =IF(B28="","",IF(H28="",NOW(),H28)) -> 45550.205 | I28: =IFERROR(VLOOKUP(B28,'Runner List'!$B$3:$O$505,12,FALSE),0) -> 0.20833333
... A37: 34 | B37: 5042 | C37: =IFERROR(VLOOKUP(B37,'Runner List'!$B$3:$OT$505,5,FALSE),0) -> TIMOTHY EDWARDS | D37: =IFERROR(VLOOKUP(B37,'Runner List'!$B$3:$O$505,7,FALSE),0) -> Male | E37: =IFERROR(VLOOKUP(B37,'Runner List'!$B$3:$O$505,8,FALSE),0) -> 40-49 | F37: =IFERROR(VLOOKUP(B37,'Runner List'!$B$3:$O$505,9,FALSE),0) -> USA | G37: =IFERROR(VLOOKUP(B37,'Runner List'!$B$3:$O$505,10,FALSE),0) -> MKT50 | H37: =IF(B37="","",IF(H37="",NOW(),H37)) -> 45550.206 | I37: =IFERROR(VLOOKUP(B37,'Runner List'!$B$3:$O$505,12,FALSE),0) -> 0.20833333
A38: 35 | B38: 5031 | C38: =IFERROR(VLOOKUP(B38,'Runner List'!$B$3:$OT$505,5,FALSE),0) -> EAKKAMOL INTUSOPON | D38: =IFERROR(VLOOKUP(B38,'Runner List'!$B$3:$O$505,7,FALSE),0) -> Male | E38: =IFERROR(VLOOKUP(B38,'Runner List'!$B$3:$O$505,8,FALSE),0) -> 40-49 | F38: =IFERROR(VLOOKUP(B38,'Runner List'!$B$3:$O$505,9,FALSE),0) -> Thai | G38: =IFERROR(VLOOKUP(B38,'Runner List'!$B$3:$O$505,10,FALSE),0) -> MKT50 | H38: =IF(B38="","",IF(H38="",NOW(),H38)) -> 45550.207 | I38: =IFERROR(VLOOKUP(B38,'Runner List'!$B$3:$O$505,12,FALSE),0) -> 0.20833333 | BF38: 14000
A39: 36 | B39: 3348 | C39: =IFERROR(VLOOKUP(B39,'Runner List'!$B$3:$OT$505,5,FALSE),0) -> OLIVER HELM | D39: =IFERROR(VLOOKUP(B39,'Runner List'!$B$3:$O$505,7,FALSE),0) -> Male | E39: =IFERROR(VLOOKUP(B39,'Runner List'!$B$3:$O$505,8,FALSE),0) -> 20-39 | F39: =IFERROR(VLOOKUP(B39,'Runner List'!$B$3:$O$505,9,FALSE),0) -> New Zealand | G39: =IFERROR(VLOOKUP(B39,'Runner List'!$B$3:$O$505,10,FALSE),0) -> MKT33 | H39: =IF(B39="","",IF(H39="",NOW(),H39)) -> 45550.226 | I39: =IFERROR(VLOOKUP(B39,'Runner List'!$B$3:$O$505,12,FALSE),0) -> 0.22916667
A40: 37 | B40: 3301 | C40: =IFERROR(VLOOKUP(B40,'Runner List'!$B$3:$OT$505,5,FALSE),0) -> BLAKE WICHTOWSKI | D40: =IFERROR(VLOOKUP(B40,'Runner List'!$B$3:$O$505,7,FALSE),0) -> Male | E40: =IFERROR(VLOOKUP(B40,'Runner List'!$B$3:$O$505,8,FALSE),0) -> 20-39 | F40: =IFERROR(VLOOKUP(B40,'Runner List'!$B$3:$O$505,9,FALSE),0) -> Thai | G40: =IFERROR(VLOOKUP(B40,'Runner List'!$B$3:$O$505,10,FALSE),0) -> MKT33 | H40: =IF(B40="","",IF(H40="",NOW(),H40)) -> 45550.226 | I40: =IFERROR(VLOOKUP(B40,'Runner List'!$B$3:$O$505,12,FALSE),0) -> 0.22916667
A41: 38 | B41: 3368 | C41: =IFERROR(VLOOKUP(B41,'Runner List'!$B$3:$OT$505,5,FALSE),0) -> TOTSAPORN MUAMGNGAM | D41: =IFERROR(VLOOKUP(B41,'Runner List'!$B$3:$O$505,7,FALSE),0) -> Female | E41: =IFERROR(VLOOKUP(B41,'Runner List'!$B$3:$O$505,8,FALSE),0) -> 20-39 | F41: =IFERROR(VLOOKUP(B41,'Runner List'!$B$3:$O$505,9,FALSE),0) -> Thai | G41: =IFERROR(VLOOKUP(B41,'Runner List'!$B$3:$O$505,10,FALSE),0) -> MKT33 | H41: =IF(B41="","",IF(H41="",NOW(),H41)) -> 45550.226 | I41: =IFERROR(VLOOKUP(B41,'Runner List'!$B$3:$O$505,12,FALSE),0) -> 0.22916667
A42: 39 | B42: 3375 | C42: =IFERROR(VLOOKUP(B42,'Runner List'!$B$3:$OT$505,5,FALSE),0) -> BENYADA YOSHSINGCOME | D42: =IFERROR(VLOOKUP(B42,'Runner List'!$B$3:$O$505,7,FALSE),0) -> Female | E42: =IFERROR(VLOOKUP(B42,'Runner List'!$B$3:$O$505,8,FALSE),0) -> 40-49 | F42: =IFERROR(VLOOKUP(B42,'Runner List'!$B$3:$O$505,9,FALSE),0) -> Thai | G42: =IFERROR(VLOOKUP(B42,'Runner List'!$B$3:$O$505,10,FALSE),0) -> MKT33 | H42: =IF(B42="","",IF(H42="",NOW(),H42)) -> 45550.226 | I42: =IFERROR(VLOOKUP(B42,'Runner List'!$B$3:$O$505,12,FALSE),0) -> 0.22916667
A43: 40 | B43: 3374 | C43: =IFERROR(VLOOKUP(B43,'Runner List'!$B$3:$OT$505,5,FALSE),0) -> JULARRUCK LOMPAIBOON | D43: =IFERROR(VLOOKUP(B43,'Runner List'!$B$3:$O$505,7,FALSE),0) -> Female | E43: =IFERROR(VLOOKUP(B43,'Runner List'!$B$3:$O$505,8,FALSE),0) -> 60 Plus | F43: =IFERROR(VLOOKUP(B43,'Runner List'!$B$3:$O$505,9,FALSE),0) -> Thai | G43: =IFERROR(VLOOKUP(B43,'Runner List'!$B$3:$O$505,10,FALSE),0) -> MKT33 | H43: =IF(B43="","",IF(H43="",NOW(),H43)) -> 45550.226 | I43: =IFERROR(VLOOKUP(B43,'Runner List'!$B$3:$O$505,12,FALSE),0) -> 0.22916667
A44: 41 | B44: 3320 | C44: =IFERROR(VLOOKUP(B44,'Runner List'!$B$3:$OT$505,5,FALSE),0) -> VATCHARA PUMNOI | D44: =IFERROR(VLOOKUP(B44,'Runner List'!$B$3:$O$505,7,FALSE),0) -> Male | E44: =IFERROR(VLOOKUP(B44,'Runner List'!$B$3:$O$505,8,FALSE),0) -> 50-59 | F44: =IFERROR(VLOOKUP(B44,'Runner List'!$B$3:$O$505,9,FALSE),0) -> Thai | G44: =IFERROR(VLOOKUP(B44,'Runner List'!$B$3:$O$505,10,FALSE),0) -> MKT33 | H44: =IF(B44="","",IF(H44="",NOW(),H44)) -> 45550.226 | I44: =IFERROR(VLOOKUP(B44,'Runner List'!$B$3:$O$505,12,FALSE),0) -> 0.22916667
A45: 42 | B45: 3321 | C45: =IFERROR(VLOOKUP(B45,'Runner List'!$B$3:$OT$505,5,FALSE),0) -> KHAMNONG SEEDA | D45: =IFERROR(VLOOKUP(B45,'Runner List'!$B$3:$O$505,7,FALSE),0) -> Female | E45: =IFERROR(VLOOKUP(B45,'Runner List'!$B$3:$O$505,8,FALSE),0) -> 20-39 | F45: =IFERROR(VLOOKUP(B45,'Runner List'!$B$3:$O$505,9,FALSE),0) -> Thai | G45: =IFERROR(VLOOKUP(B45,'Runner List'!$B$3:$O$505,10,FALSE),0) -> MKT33 | H45: =IF(B45="","",IF(H45="",NOW(),H45)) -> 45550.226 | I45: =IFERROR(VLOOKUP(B45,'Runner List'!$B$3:$O$505,12,FALSE),0) -> 0.22916667
A46: 43 | B46: 3379 | C46: =IFERROR(VLOOKUP(B46,'Runner List'!$B$3:$OT$505,5,FALSE),0) -> ITTIPON UPPAPONG | D46: =IFERROR(VLOOKUP(B46,'Runner List'!$B$3:$O$505,7,FALSE),0) -> Male | E46: =IFERROR(VLOOKUP(B46,'Runner List'!$B$3:$O$505,8,FALSE),0) -> 20-39 | F46: =IFERROR(VLOOKUP(B46,'Runner List'!$B$3:$O$505,9,FALSE),0) -> Thai | G46: =IFERROR(VLOOKUP(B46,'Runner List'!$B$3:$O$505,10,FALSE),0) -> MKT33 | H46: =IF(B46="","",IF(H46="",NOW(),H46)) -> 45550.226 | I46: =IFERROR(VLOOKUP(B46,'Runner List'!$B$3:$O$505,12,FALSE),0) -> 0.22916667
A47: 44 | B47: 3341 | C47: =IFERROR(VLOOKUP(B47,'Runner List'!$B$3:$OT$505,5,FALSE),0) -> KAMOL WATTANAPANICH | D47: =IFERROR(VLOOKUP(B47,'Runner List'!$B$3:$O$505,7,FALSE),0) -> Male | E47: =IFERROR(VLOOKUP(B47,'Runner List'!$B$3:$O$505,8,FALSE),0) -> 50-59 | F47: =IFERROR(VLOOKUP(B47,'Runner List'!$B$3:$O$505,9,FALSE),0) -> Thai | G47: =IFERROR(VLOOKUP(B47,'Runner List'!$B$3:$O$505,10,FALSE),0) -> MKT33 | H47: =IF(B47="","",IF(H47="",NOW(),H47)) -> 45550.226 | I47: =IFERROR(VLOOKUP(B47,'Runner List'!$B$3:$O$505,12,FALSE),0) -> 0.22916667
A48: 45 | B48: 3390 | C48: =IFERROR(VLOOKUP(B48,'Runner List'!$B$3:$OT$505,5,FALSE),0) -> URAIWAN JINAPHO | D48: =IFERROR(VLOOKUP(B48,'Runner List'!$B$3:$O$505,7,FALSE),0) -> Female | E48: =IFERROR(VLOOKUP(B48,'Runner List'!$B$3:$O$505,8,FALSE),0) -> 20-39 | F48: =IFERROR(VLOOKUP(B48,'Runner List'!$B$3:$O$505,9,FALSE),0) -> Thai | G48: =IFERROR(VLOOKUP(B48,'Runner List'!$B$3:$O$505,10,FALSE),0) -> MKT33 | H48: =IF(B48="","",IF(H48="",NOW(),H48)) -> 45550.226 | I48: =IFERROR(VLOOKUP(B48,'Runner List'!$B$3:$O$505,12,FALSE),0) -> 0.22916667
A49: 46 | B49: 3326 | C49: =IFERROR(VLOOKUP(B49,'Runner List'!$B$3:$OT$505,5,FALSE),0) -> JANTHIMA CHOTISTHAYANGURA | D49: =IFERROR(VLOOKUP(B49,'Runner List'!$B$3:$O$505,7,FALSE),0) -> Female | E49: =IFERROR(VLOOKUP(B49,'Runner List'!$B$3:$O$505,8,FALSE),0) -> 50-59 | F49: =IFERROR(VLOOKUP(B49,'Runner List'!$B$3:$O$505,9,FALSE),0) -> Thai | G49: =IFERROR(VLOOKUP(B49,'Runner List'!$B$3:$O$505,10,FALSE),0) -> MKT33 | H49: =IF(B49="","",IF(H49="",NOW(),H49)) -> 45550.227 | I49: =IFERROR(VLOOKUP(B49,'Runner List'!$B$3:$O$505,12,FALSE),0) -> 0.22916667
A50: 47 | B50: 3325 | C50: =IFERROR(VLOOKUP(B50,'Runner List'!$B$3:$OT$505,5,FALSE),0) -> DARANEE CHOTISTHAYANGURA | D50: =IFERROR(VLOOKUP(B50,'Runner List'!$B$3:$O$505,7,FALSE),0) -> Female | E50: =IFERROR(VLOOKUP(B50,'Runner List'!$B$3:$O$505,8,FALSE),0) -> 50-59 | F50: =IFERROR(VLOOKUP(B50,'Runner List'!$B$3:$O$505,9,FALSE),0) -> Thai | G50: =IFERROR(VLOOKUP(B50,'Runner List'!$B$3:$O$505,10,FALSE),0) -> MKT33 | H50: =IF(B50="","",IF(H50="",NOW(),H50)) -> 45550.227 | I50: =IFERROR(VLOOKUP(B50,'Runner List'!$B$3:$O$505,12,FALSE),0) -> 0.22916667
... A112: 109 | B112: 3333 | C112: =IFERROR(VLOOKUP(B112,'Runner List'!$B$3:$OT$505,5,FALSE),0) -> SOMCHID KANTHAYA | D112: =IFERROR(VLOOKUP(B112,'Runner List'!$B$3:$O$505,7,FALSE),0) -> Male | E112: =IFERROR(VLOOKUP(B112,'Runner List'!$B$3:$O$505,8,FALSE),0) -> 50-59 | F112: =IFERROR(VLOOKUP(B112,'Runner List'!$B$3:$O$505,9,FALSE),0) -> Thai | G112: =IFERROR(VLOOKUP(B112,'Runner List'!$B$3:$O$505,10,FALSE),0) -> MKT33 | H112: =IF(B112="","",IF(H112="",NOW(),H112)) -> 45550.231 | I112: =IFERROR(VLOOKUP(B112,'Runner List'!$B$3:$O$505,12,FALSE),0) -> 0.22916667
A113: 110 | C113: =IFERROR(VLOOKUP(B113,'Runner List'!$B$3:$OT$505,5,FALSE),0) -> 0 | D113: =IFERROR(VLOOKUP(B113,'Runner List'!$B$3:$O$505,7,FALSE),0) -> 0 | E113: =IFERROR(VLOOKUP(B113,'Runner List'!$B$3:$O$505,8,FALSE),0) -> 0 | F113: =IFERROR(VLOOKUP(B113,'Runner List'!$B$3:$O$505,9,FALSE),0) -> 0 | G113: =IFERROR(VLOOKUP(B113,'Runner List'!$B$3:$O$505,10,FALSE),0) -> 0 | H113: =IF(B113="","",IF(H113="",NOW(),H113)) | I113: =IFERROR(VLOOKUP(B113,'Runner List'!$B$3:$O$505,12,FALSE),0) -> 0
A114: 111 | C114: =IFERROR(VLOOKUP(B114,'Runner List'!$B$3:$OT$505,5,FALSE),0) -> 0 | D114: =IFERROR(VLOOKUP(B114,'Runner List'!$B$3:$O$505,7,FALSE),0) -> 0 | E114: =IFERROR(VLOOKUP(B114,'Runner List'!$B$3:$O$505,8,FALSE),0) -> 0 | F114: =IFERROR(VLOOKUP(B114,'Runner List'!$B$3:$O$505,9,FALSE),0) -> 0 | G114: =IFERROR(VLOOKUP(B114,'Runner List'!$B$3:$O$505,10,FALSE),0) -> 0 | H114: =IF(B114="","",IF(H114="",NOW(),H114)) | I114: =IFERROR(VLOOKUP(B114,'Runner List'!$B$3:$O$505,12,FALSE),0) -> 0
A115: 112 | C115: =IFERROR(VLOOKUP(B115,'Runner List'!$B$3:$OT$505,5,FALSE),0) -> 0 | D115: =IFERROR(VLOOKUP(B115,'Runner List'!$B$3:$O$505,7,FALSE),0) -> 0 | E115: =IFERROR(VLOOKUP(B115,'Runner List'!$B$3:$O$505,8,FALSE),0) -> 0 | F115: =IFERROR(VLOOKUP(B115,'Runner List'!$B$3:$O$505,9,FALSE),0) -> 0 | G115: =IFERROR(VLOOKUP(B115,'Runner List'!$B$3:$O$505,10,FALSE),0) -> 0 | H115: =IF(B115="","",IF(H115="",NOW(),H115)) | I115: =IFERROR(VLOOKUP(B115,'Runner List'!$B$3:$O$505,12,FALSE),0) -> 0
A116: 113 | C116: =IFERROR(VLOOKUP(B116,'Runner List'!$B$3:$OT$505,5,FALSE),0) -> 0 | D116: =IFERROR(VLOOKUP(B116,'Runner List'!$B$3:$O$505,7,FALSE),0) -> 0 | E116: =IFERROR(VLOOKUP(B116,'Runner List'!$B$3:$O$505,8,FALSE),0) -> 0 | F116: =IFERROR(VLOOKUP(B116,'Runner List'!$B$3:$O$505,9,FALSE),0) -> 0 | G116: =IFERROR(VLOOKUP(B116,'Runner List'!$B$3:$O$505,10,FALSE),0) -> 0 | H116: =IF(B116="","",IF(H116="",NOW(),H116)) | I116: =IFERROR(VLOOKUP(B116,'Runner List'!$B$3:$O$505,12,FALSE),0) -> 0
A117: 114 | C117: =IFERROR(VLOOKUP(B117,'Runner List'!$B$3:$OT$505,5,FALSE),0) -> 0 | D117: =IFERROR(VLOOKUP(B117,'Runner List'!$B$3:$O$505,7,FALSE),0) -> 0 | E117: =IFERROR(VLOOKUP(B117,'Runner List'!$B$3:$O$505,8,FALSE),0) -> 0 | F117: =IFERROR(VLOOKUP(B117,'Runner List'!$B$3:$O$505,9,FALSE),0) -> 0 | G117: =IFERROR(VLOOKUP(B117,'Runner List'!$B$3:$O$505,10,FALSE),0) -> 0 | H117: =IF(B117="","",IF(H117="",NOW(),H117)) | I117: =IFERROR(VLOOKUP(B117,'Runner List'!$B$3:$O$505,12,FALSE),0) -> 0
A118: 115 | C118: =IFERROR(VLOOKUP(B118,'Runner List'!$B$3:$OT$505,5,FALSE),0) -> 0 | D118: =IFERROR(VLOOKUP(B118,'Runner List'!$B$3:$O$505,7,FALSE),0) -> 0 | E118: =IFERROR(VLOOKUP(B118,'Runner List'!$B$3:$O$505,8,FALSE),0) -> 0 | F118: =IFERROR(VLOOKUP(B118,'Runner List'!$B$3:$O$505,9,FALSE),0) -> 0 | G118: =IFERROR(VLOOKUP(B118,'Runner List'!$B$3:$O$505,10,FALSE),0) -> 0 | H118: =IF(B118="","",IF(H118="",NOW(),H118)) | I118: =IFERROR(VLOOKUP(B118,'Runner List'!$B$3:$O$505,12,FALSE),0) -> 0
A119: 116 | C119: =IFERROR(VLOOKUP(B119,'Runner List'!$B$3:$OT$505,5,FALSE),0) -> 0 | D119: =IFERROR(VLOOKUP(B119,'Runner List'!$B$3:$O$505,7,FALSE),0) -> 0 | E119: =IFERROR(VLOOKUP(B119,'Runner List'!$B$3:$O$505,8,FALSE),0) -> 0 | F119: =IFERROR(VLOOKUP(B119,'Runner List'!$B$3:$O$505,9,FALSE),0) -> 0 | G119: =IFERROR(VLOOKUP(B119,'Runner List'!$B$3:$O$505,10,FALSE),0) -> 0 | H119: =IF(B119="","",IF(H119="",NOW(),H119)) | I119: =IFERROR(VLOOKUP(B119,'Runner List'!$B$3:$O$505,12,FALSE),0) -> 0
A120: 117 | C120: =IFERROR(VLOOKUP(B120,'Runner List'!$B$3:$OT$505,5,FALSE),0) -> 0 | D120: =IFERROR(VLOOKUP(B120,'Runner List'!$B$3:$O$505,7,FALSE),0) -> 0 | E120: =IFERROR(VLOOKUP(B120,'Runner List'!$B$3:$O$505,8,FALSE),0) -> 0 | F120: =IFERROR(VLOOKUP(B120,'Runner List'!$B$3:$O$505,9,FALSE),0) -> 0 | G120: =IFERROR(VLOOKUP(B120,'Runner List'!$B$3:$O$505,10,FALSE),0) -> 0 | H120: =IF(B120="","",IF(H120="",NOW(),H120)) | I120: =IFERROR(VLOOKUP(B120,'Runner List'!$B$3:$O$505,12,FALSE),0) -> 0
A121: 118 | C121: =IFERROR(VLOOKUP(B121,'Runner List'!$B$3:$OT$505,5,FALSE),0) -> 0 | D121: =IFERROR(VLOOKUP(B121,'Runner List'!$B$3:$O$505,7,FALSE),0) -> 0 | E121: =IFERROR(VLOOKUP(B121,'Runner List'!$B$3:$O$505,8,FALSE),0) -> 0 | F121: =IFERROR(VLOOKUP(B121,'Runner List'!$B$3:$O$505,9,FALSE),0) -> 0 | G121: =IFERROR(VLOOKUP(B121,'Runner List'!$B$3:$O$505,10,FALSE),0) -> 0 | H121: =IF(B121="","",IF(H121="",NOW(),H121)) | I121: =IFERROR(VLOOKUP(B121,'Runner List'!$B$3:$O$505,12,FALSE),0) -> 0
A122: 119 | C122: =IFERROR(VLOOKUP(B122,'Runner List'!$B$3:$OT$505,5,FALSE),0) -> 0 | D122: =IFERROR(VLOOKUP(B122,'Runner List'!$B$3:$O$505,7,FALSE),0) -> 0 | E122: =IFERROR(VLOOKUP(B122,'Runner List'!$B$3:$O$505,8,FALSE),0) -> 0 | F122: =IFERROR(VLOOKUP(B122,'Runner List'!$B$3:$O$505,9,FALSE),0) -> 0 | G122: =IFERROR(VLOOKUP(B122,'Runner List'!$B$3:$O$505,10,FALSE),0) -> 0 | H122: =IF(B122="","",IF(H122="",NOW(),H122)) | I122: =IFERROR(VLOOKUP(B122,'Runner List'!$B$3:$O$505,12,FALSE),0) -> 0
A123: 120 | C123: =IFERROR(VLOOKUP(B123,'Runner List'!$B$3:$OT$505,5,FALSE),0) -> 0 | D123: =IFERROR(VLOOKUP(B123,'Runner List'!$B$3:$O$505,7,FALSE),0) -> 0 | E123: =IFERROR(VLOOKUP(B123,'Runner List'!$B$3:$O$505,8,FALSE),0) -> 0 | F123: =IFERROR(VLOOKUP(B123,'Runner List'!$B$3:$O$505,9,FALSE),0) -> 0 | G123: =IFERROR(VLOOKUP(B123,'Runner List'!$B$3:$O$505,10,FALSE),0) -> 0 | H123: =IF(B123="","",IF(H123="",NOW(),H123)) | I123: =IFERROR(VLOOKUP(B123,'Runner List'!$B$3:$O$505,12,FALSE),0) -> 0
A124: 121 | C124: =IFERROR(VLOOKUP(B124,'Runner List'!$B$3:$OT$505,5,FALSE),0) -> 0 | D124: =IFERROR(VLOOKUP(B124,'Runner List'!$B$3:$O$505,7,FALSE),0) -> 0 | E124: =IFERROR(VLOOKUP(B124,'Runner List'!$B$3:$O$505,8,FALSE),0) -> 0 | F124: =IFERROR(VLOOKUP(B124,'Runner List'!$B$3:$O$505,9,FALSE),0) -> 0 | G124: =IFERROR(VLOOKUP(B124,'Runner List'!$B$3:$O$505,10,FALSE),0) -> 0 | H124: =IF(B124="","",IF(H124="",NOW(),H124)) | I124: =IFERROR(VLOOKUP(B124,'Runner List'!$B$3:$O$505,12,FALSE),0) -> 0
... A203: 200 | C203: =IFERROR(VLOOKUP(B203,'Runner List'!$B$3:$OT$505,5,FALSE),0) -> 0 | D203: =IFERROR(VLOOKUP(B203,'Runner List'!$B$3:$O$505,7,FALSE),0) -> 0 | E203: =IFERROR(VLOOKUP(B203,'Runner List'!$B$3:$O$505,8,FALSE),0) -> 0 | F203: =IFERROR(VLOOKUP(B203,'Runner List'!$B$3:$O$505,9,FALSE),0) -> 0 | G203: =IFERROR(VLOOKUP(B203,'Runner List'!$B$3:$O$505,10,FALSE),0) -> 0 | H203: =IF(B203="","",IF(H203="",NOW(),H203)) | I203: =IFERROR(VLOOKUP(B203,'Runner List'!$B$3:$O$505,12,FALSE),0) -> 0

Sheet (1)Check Bib
A1: CHECK BIB RUNNER "Mae Khanin Trail 2024" | M1: Check BIB Runner
A2: No. | B2: BIB Number | C2: Name Surname | D2: Name on BIB | E2: Gender | F2: Age Group | G2: Nationality | H2: Race | I2: Start Time
A3: ลำดับ | B3: หมายเลขแข่งขัน | C3: ชื่อ-นามสกุล | D3: ชื่อบนหมายเลขวิ่ง | E3: เพศ | F3: กลุ่มอายุ | G3: สัญชาติ | H3: ระยะแข่งขัน | I3: เวลาปล่อยตัว | M3: MKT33 | N3: =COUNTIF($H$4:$H$196,"MKT33") -> 72 | R3: MKT50 | S3: =COUNTIF($H$4:$H$196,"MKT50") -> 29
A4: 1 | B4: 3349 | C4: =IFERROR(VLOOKUP(B4,'Runner List'!$B$3:$O$505,5,FALSE),0) -> ANUCHIT BOONSIRI | D4: =IFERROR(VLOOKUP(B4,'Runner List'!$B$3:$O$505,6,FALSE),0) -> ANUCHIT.B | E4: =IFERROR(VLOOKUP(B4,'Runner List'!$B$3:$O$505,7,FALSE),0) -> Male | F4: =IFERROR(VLOOKUP(B4,'Runner List'!$B$3:$O$505,8,FALSE),0) -> 50-59 | G4: =IFERROR(VLOOKUP(B4,'Runner List'!$B$3:$O$505,9,FALSE),0) -> Thai | H4: =IFERROR(VLOOKUP(B4,'Runner List'!$B$3:$O$505,10,FALSE),0) -> MKT33 | I4: =IFERROR(VLOOKUP(B4,'Runner List'!$B$3:$O$505,12,FALSE),0) -> 0.22916667 | M4: Male | N4: =COUNTIFS($H$4:$H$196,"MKT33",$E$4:$E$196,"Male") -> 43 | O4: 20-39 | P4: =COUNTIFS($H$4:$H$196,"MKT33",$E$4:$E$196,"Male",$F$4:$F$196,"20-39") -> 19 | R4: Male | S4: =COUNTIFS($H$4:$H$196,"MKT50",$E$4:$E$196,"Male") -> 21 | T4: 20-39 | U4: =COUNTIFS($H$4:$H$196,"MKT50",$E$4:$E$196,"Male",$F$4:$F$196,"20-39") -> 2
A5: 2 | B5: 3391 | C5: =IFERROR(VLOOKUP(B5,'Runner List'!$B$3:$O$505,5,FALSE),0) -> SAMATCHA INTAPAI | D5: =IFERROR(VLOOKUP(B5,'Runner List'!$B$3:$O$505,6,FALSE),0) -> SAMATCHA.I | E5: =IFERROR(VLOOKUP(B5,'Runner List'!$B$3:$O$505,7,FALSE),0) -> Female | F5: =IFERROR(VLOOKUP(B5,'Runner List'!$B$3:$O$505,8,FALSE),0) -> 20-39 | G5: =IFERROR(VLOOKUP(B5,'Runner List'!$B$3:$O$505,9,FALSE),0) -> Thai | H5: =IFERROR(VLOOKUP(B5,'Runner List'!$B$3:$O$505,10,FALSE),0) -> MKT33 | I5: =IFERROR(VLOOKUP(B5,'Runner List'!$B$3:$O$505,12,FALSE),0) -> 0.22916667 | O5: 40-49 | P5: =COUNTIFS($H$4:$H$196,"MKT33",$E$4:$E$196,"Male",$F$4:$F$196,"40-49") -> 12 | T5: 40-49 | U5: =COUNTIFS($H$4:$H$196,"MKT50",$E$4:$E$196,"Male",$F$4:$F$196,"40-49") -> 11
A6: 3 | B6: 3392 | C6: =IFERROR(VLOOKUP(B6,'Runner List'!$B$3:$O$505,5,FALSE),0) -> SERI PHUPHISIT | D6: =IFERROR(VLOOKUP(B6,'Runner List'!$B$3:$O$505,6,FALSE),0) -> SERI.P | E6: =IFERROR(VLOOKUP(B6,'Runner List'!$B$3:$O$505,7,FALSE),0) -> Male | F6: =IFERROR(VLOOKUP(B6,'Runner List'!$B$3:$O$505,8,FALSE),0) -> 60 Plus | G6: =IFERROR(VLOOKUP(B6,'Runner List'!$B$3:$O$505,9,FALSE),0) -> Thai | H6: =IFERROR(VLOOKUP(B6,'Runner List'!$B$3:$O$505,10,FALSE),0) -> MKT33 | I6: =IFERROR(VLOOKUP(B6,'Runner List'!$B$3:$O$505,12,FALSE),0) -> 0.22916667 | O6: 50-59 | P6: =COUNTIFS($H$4:$H$196,"MKT33",$E$4:$E$196,"Male",$F$4:$F$196,"50-59") -> 9 | T6: 50-59 | U6: =COUNTIFS($H$4:$H$196,"MKT50",$E$4:$E$196,"Male",$F$4:$F$196,"50-59") -> 5
A7: 4 | B7: 5050 | C7: =IFERROR(VLOOKUP(B7,'Runner List'!$B$3:$O$505,5,FALSE),0) -> THANAPHAT CHAIPOH | D7: =IFERROR(VLOOKUP(B7,'Runner List'!$B$3:$O$505,6,FALSE),0) -> THANAPHAT CHAIPOH | E7: =IFERROR(VLOOKUP(B7,'Runner List'!$B$3:$O$505,7,FALSE),0) -> LGBTIQAN+ | F7: =IFERROR(VLOOKUP(B7,'Runner List'!$B$3:$O$505,8,FALSE),0) -> 0 | G7: =IFERROR(VLOOKUP(B7,'Runner List'!$B$3:$O$505,9,FALSE),0) -> Thai | H7: =IFERROR(VLOOKUP(B7,'Runner List'!$B$3:$O$505,10,FALSE),0) -> MKT50 | I7: =IFERROR(VLOOKUP(B7,'Runner List'!$B$3:$O$505,12,FALSE),0) -> 0.20833333 | O7: 60 Plus | P7: =COUNTIFS($H$4:$H$196,"MKT33",$E$4:$E$196,"Male",$F$4:$F$196,"60 Plush") -> 0 | T7: 60 Plus | U7: =COUNTIFS($H$4:$H$196,"MKT50",$E$4:$E$196,"Male",$F$4:$F$196,"60 Plus") -> 3
A8: 5 | B8: 5022 | C8: =IFERROR(VLOOKUP(B8,'Runner List'!$B$3:$O$505,5,FALSE),0) -> WEERAWAT SHATAREEYAKUL | D8: =IFERROR(VLOOKUP(B8,'Runner List'!$B$3:$O$505,6,FALSE),0) -> WEERAWAT.S | E8: =IFERROR(VLOOKUP(B8,'Runner List'!$B$3:$O$505,7,FALSE),0) -> Male | F8: =IFERROR(VLOOKUP(B8,'Runner List'!$B$3:$O$505,8,FALSE),0) -> 40-49 | G8: =IFERROR(VLOOKUP(B8,'Runner List'!$B$3:$O$505,9,FALSE),0) -> Thai | H8: =IFERROR(VLOOKUP(B8,'Runner List'!$B$3:$O$505,10,FALSE),0) -> MKT50 | I8: =IFERROR(VLOOKUP(B8,'Runner List'!$B$3:$O$505,12,FALSE),0) -> 0.20833333 | M8: Female | N8: =COUNTIFS($H$4:$H$196,"MKT33",$E$4:$E$196,"Female") -> 25 | O8: 20-39 | P8: =COUNTIFS($H$4:$H$196,"MKT33",$E$4:$E$196,"Female",$F$4:$F$196,"20-39") -> 13 | R8: Female | S8: =COUNTIFS($H$4:$H$196,"MKT50",$E$4:$E$196,"Female") -> 7 | T8: 20-39 | U8: =COUNTIFS($H$4:$H$196,"MKT50",$E$4:$E$196,"Female",$F$4:$F$196,"20-39") -> 0
A9: 6 | B9: 5039 | C9: =IFERROR(VLOOKUP(B9,'Runner List'!$B$3:$O$505,5,FALSE),0) -> KITTIVUT KAEWPRASERT | D9: =IFERROR(VLOOKUP(B9,'Runner List'!$B$3:$O$505,6,FALSE),0) -> KITTIVUT.K | E9: =IFERROR(VLOOKUP(B9,'Runner List'!$B$3:$O$505,7,FALSE),0) -> Male | F9: =IFERROR(VLOOKUP(B9,'Runner List'!$B$3:$O$505,8,FALSE),0) -> 40-49 | G9: =IFERROR(VLOOKUP(B9,'Runner List'!$B$3:$O$505,9,FALSE),0) -> Thai | H9: =IFERROR(VLOOKUP(B9,'Runner List'!$B$3:$O$505,10,FALSE),0) -> MKT50 | I9: =IFERROR(VLOOKUP(B9,'Runner List'!$B$3:$O$505,12,FALSE),0) -> 0.20833333 | O9: 40-49 | P9: =COUNTIFS($H$4:$H$196,"MKT33",$E$4:$E$196,"Female",$F$4:$F$196,"40-49") -> 7 | T9: 40-49 | U9: =COUNTIFS($H$4:$H$196,"MKT50",$E$4:$E$196,"Female",$F$4:$F$196,"40-49") -> 2
A10: 7 | B10: 5019 | C10: =IFERROR(VLOOKUP(B10,'Runner List'!$B$3:$O$505,5,FALSE),0) -> JAIYASIDHA GLANKWAHMDEE | D10: =IFERROR(VLOOKUP(B10,'Runner List'!$B$3:$O$505,6,FALSE),0) -> JAIYASIDHA.G | E10: =IFERROR(VLOOKUP(B10,'Runner List'!$B$3:$O$505,7,FALSE),0) -> Male | F10: =IFERROR(VLOOKUP(B10,'Runner List'!$B$3:$O$505,8,FALSE),0) -> 20-39 | G10: =IFERROR(VLOOKUP(B10,'Runner List'!$B$3:$O$505,9,FALSE),0) -> Thai | H10: =IFERROR(VLOOKUP(B10,'Runner List'!$B$3:$O$505,10,FALSE),0) -> MKT50 | I10: =IFERROR(VLOOKUP(B10,'Runner List'!$B$3:$O$505,12,FALSE),0) -> 0.20833333 | O10: 50-59 | P10: =COUNTIFS($H$4:$H$196,"MKT33",$E$4:$E$196,"Female",$F$4:$F$196,"50-59") -> 4 | T10: 50-59 | U10: =COUNTIFS($H$4:$H$196,"MKT50",$E$4:$E$196,"Female",$F$4:$F$196,"50-59") -> 4
A11: 8 | B11: 5020 | C11: =IFERROR(VLOOKUP(B11,'Runner List'!$B$3:$O$505,5,FALSE),0) -> BORWORNVIDHYA GLANKWAHMDEE | D11: =IFERROR(VLOOKUP(B11,'Runner List'!$B$3:$O$505,6,FALSE),0) -> BORWORNVIDHYA.G | E11: =IFERROR(VLOOKUP(B11,'Runner List'!$B$3:$O$505,7,FALSE),0) -> Male | F11: =IFERROR(VLOOKUP(B11,'Runner List'!$B$3:$O$505,8,FALSE),0) -> 60 Plus | G11: =IFERROR(VLOOKUP(B11,'Runner List'!$B$3:$O$505,9,FALSE),0) -> Thai | H11: =IFERROR(VLOOKUP(B11,'Runner List'!$B$3:$O$505,10,FALSE),0) -> MKT50 | I11: =IFERROR(VLOOKUP(B11,'Runner List'!$B$3:$O$505,12,FALSE),0) -> 0.20833333 | O11: 60 Plus | P11: =COUNTIFS($H$4:$H$196,"MKT33",$E$4:$E$196,"Female",$F$4:$F$196,"60 Plush") -> 0 | T11: 60 Plus | U11: =COUNTIFS($H$4:$H$196,"MKT50",$E$4:$E$196,"Female",$F$4:$F$196,"60 Plus") -> 1
A12: 9 | B12: 5021 | C12: =IFERROR(VLOOKUP(B12,'Runner List'!$B$3:$O$505,5,FALSE),0) -> KANOKRUD GLANKWAHMDEE | D12: =IFERROR(VLOOKUP(B12,'Runner List'!$B$3:$O$505,6,FALSE),0) -> KANOKRUD.G | E12: =IFERROR(VLOOKUP(B12,'Runner List'!$B$3:$O$505,7,FALSE),0) -> Female | F12: =IFERROR(VLOOKUP(B12,'Runner List'!$B$3:$O$505,8,FALSE),0) -> 60 Plus | G12: =IFERROR(VLOOKUP(B12,'Runner List'!$B$3:$O$505,9,FALSE),0) -> Thai | H12: =IFERROR(VLOOKUP(B12,'Runner List'!$B$3:$O$505,10,FALSE),0) -> MKT50 | I12: =IFERROR(VLOOKUP(B12,'Runner List'!$B$3:$O$505,12,FALSE),0) -> 0.20833333 | M12: LGBTIQAN+ | N12: =COUNTIFS($H$4:$H$196,"MKT33",$E$4:$E$196,"LGBTIQAN+") -> 4 | O12: 20-39 | P12: N/A | R12: LGBTIQAN+ | S12: =COUNTIFS($H$4:$H$196,"MKT50",$E$4:$E$196,"LGBTIQAN+") -> 1 | T12: 20-39 | U12: N/A
A13: 10 | B13: 3346 | C13: =IFERROR(VLOOKUP(B13,'Runner List'!$B$3:$O$505,5,FALSE),0) -> NITITHRON ASAWAWONGMETHEE | D13: =IFERROR(VLOOKUP(B13,'Runner List'!$B$3:$O$505,6,FALSE),0) -> NITITHRON.A | E13: =IFERROR(VLOOKUP(B13,'Runner List'!$B$3:$O$505,7,FALSE),0) -> Male | F13: =IFERROR(VLOOKUP(B13,'Runner List'!$B$3:$O$505,8,FALSE),0) -> 20-39 | G13: =IFERROR(VLOOKUP(B13,'Runner List'!$B$3:$O$505,9,FALSE),0) -> Thai | H13: =IFERROR(VLOOKUP(B13,'Runner List'!$B$3:$O$505,10,FALSE),0) -> MKT33 | I13: =IFERROR(VLOOKUP(B13,'Runner List'!$B$3:$O$505,12,FALSE),0) -> 0.22916667 | O13: 40-49 | P13: N/A | T13: 40-49 | U13: N/A
A14: 11 | B14: 3345 | C14: =IFERROR(VLOOKUP(B14,'Runner List'!$B$3:$O$505,5,FALSE),0) -> CHONHATHAI THIENSIRI | D14: =IFERROR(VLOOKUP(B14,'Runner List'!$B$3:$O$505,6,FALSE),0) -> CHONHATHAI.T | E14: =IFERROR(VLOOKUP(B14,'Runner List'!$B$3:$O$505,7,FALSE),0) -> Female | F14: =IFERROR(VLOOKUP(B14,'Runner List'!$B$3:$O$505,8,FALSE),0) -> 20-39 | G14: =IFERROR(VLOOKUP(B14,'Runner List'!$B$3:$O$505,9,FALSE),0) -> Thai | H14: =IFERROR(VLOOKUP(B14,'Runner List'!$B$3:$O$505,10,FALSE),0) -> MKT33 | I14: =IFERROR(VLOOKUP(B14,'Runner List'!$B$3:$O$505,12,FALSE),0) -> 0.22916667 | O14: 50-59 | P14: N/A | T14: 50-59 | U14: N/A
A15: 12 | B15: 3347 | C15: =IFERROR(VLOOKUP(B15,'Runner List'!$B$3:$O$505,5,FALSE),0) -> PORNPOT KAJORNJIT | D15: =IFERROR(VLOOKUP(B15,'Runner List'!$B$3:$O$505,6,FALSE),0) -> PORNPOT.K | E15: =IFERROR(VLOOKUP(B15,'Runner List'!$B$3:$O$505,7,FALSE),0) -> Male | F15: =IFERROR(VLOOKUP(B15,'Runner List'!$B$3:$O$505,8,FALSE),0) -> 20-39 | G15: =IFERROR(VLOOKUP(B15,'Runner List'!$B$3:$O$505,9,FALSE),0) -> Thai | H15: =IFERROR(VLOOKUP(B15,'Runner List'!$B$3:$O$505,10,FALSE),0) -> MKT33 | I15: =IFERROR(VLOOKUP(B15,'Runner List'!$B$3:$O$505,12,FALSE),0) -> 0.22916667 | O15: 60 Plus | P15: N/A | T15: 60 Plus | U15: N/A
A16: 13 | B16: 5025 | C16: =IFERROR(VLOOKUP(B16,'Runner List'!$B$3:$O$505,5,FALSE),0) -> NOTTHAKIT KASEE | D16: =IFERROR(VLOOKUP(B16,'Runner List'!$B$3:$O$505,6,FALSE),0) -> NOTTHAKIT.K | E16: =IFERROR(VLOOKUP(B16,'Runner List'!$B$3:$O$505,7,FALSE),0) -> Male | F16: =IFERROR(VLOOKUP(B16,'Runner List'!$B$3:$O$505,8,FALSE),0) -> 50-59 | G16: =IFERROR(VLOOKUP(B16,'Runner List'!$B$3:$O$505,9,FALSE),0) -> Thai | H16: =IFERROR(VLOOKUP(B16,'Runner List'!$B$3:$O$505,10,FALSE),0) -> MKT50 | I16: =IFERROR(VLOOKUP(B16,'Runner List'!$B$3:$O$505,12,FALSE),0) -> 0.20833333 | N16: =SUM(N4:N15) -> 72 | S16: =SUM(S4:S15) -> 29
A17: 14 | B17: 5026 | C17: =IFERROR(VLOOKUP(B17,'Runner List'!$B$3:$O$505,5,FALSE),0) -> MALILA KOSURA | D17: =IFERROR(VLOOKUP(B17,'Runner List'!$B$3:$O$505,6,FALSE),0) -> MALILA.K | E17: =IFERROR(VLOOKUP(B17,'Runner List'!$B$3:$O$505,7,FALSE),0) -> Female | F17: =IFERROR(VLOOKUP(B17,'Runner List'!$B$3:$O$505,8,FALSE),0) -> 50-59 | G17: =IFERROR(VLOOKUP(B17,'Runner List'!$B$3:$O$505,9,FALSE),0) -> Thai | H17: =IFERROR(VLOOKUP(B17,'Runner List'!$B$3:$O$505,10,FALSE),0) -> MKT50 | I17: =IFERROR(VLOOKUP(B17,'Runner List'!$B$3:$O$505,12,FALSE),0) -> 0.20833333
A18: 15 | B18: 5048 | C18: =IFERROR(VLOOKUP(B18,'Runner List'!$B$3:$O$505,5,FALSE),0) -> SONGWUT BOAKHEM | D18: =IFERROR(VLOOKUP(B18,'Runner List'!$B$3:$O$505,6,FALSE),0) -> SONGWUD BOAKHEM | E18: =IFERROR(VLOOKUP(B18,'Runner List'!$B$3:$O$505,7,FALSE),0) -> Male | F18: =IFERROR(VLOOKUP(B18,'Runner List'!$B$3:$O$505,8,FALSE),0) -> 60 Plus | G18: =IFERROR(VLOOKUP(B18,'Runner List'!$B$3:$O$505,9,FALSE),0) -> Thai | H18: =IFERROR(VLOOKUP(B18,'Runner List'!$B$3:$O$505,10,FALSE),0) -> MKT50 | I18: =IFERROR(VLOOKUP(B18,'Runner List'!$B$3:$O$505,12,FALSE),0) -> 0.20833333
A19: 16 | B19: 3365 | C19: =IFERROR(VLOOKUP(B19,'Runner List'!$B$3:$O$505,5,FALSE),0) -> WILLIAM BJ SCHULTE | D19: =IFERROR(VLOOKUP(B19,'Runner List'!$B$3:$O$505,6,FALSE),0) -> WILLIAM BJ SCHULTE | E19: =IFERROR(VLOOKUP(B19,'Runner List'!$B$3:$O$505,7,FALSE),0) -> Male | F19: =IFERROR(VLOOKUP(B19,'Runner List'!$B$3:$O$505,8,FALSE),0) -> 40-49 | G19: =IFERROR(VLOOKUP(B19,'Runner List'!$B$3:$O$505,9,FALSE),0) -> USA | H19: =IFERROR(VLOOKUP(B19,'Runner List'!$B$3:$O$505,10,FALSE),0) -> MKT33 | I19: =IFERROR(VLOOKUP(B19,'Runner List'!$B$3:$O$505,12,FALSE),0) -> 0.22916667
A20: 17 | B20: 3336 | C20: =IFERROR(VLOOKUP(B20,'Runner List'!$B$3:$O$505,5,FALSE),0) -> SUTHEP JIRAPATPONGSAKORN | D20: =IFERROR(VLOOKUP(B20,'Runner List'!$B$3:$O$505,6,FALSE),0) -> SUTHEP.J | E20: =IFERROR(VLOOKUP(B20,'Runner List'!$B$3:$O$505,7,FALSE),0) -> Male | F20: =IFERROR(VLOOKUP(B20,'Runner List'!$B$3:$O$505,8,FALSE),0) -> 60 Plus | G20: =IFERROR(VLOOKUP(B20,'Runner List'!$B$3:$O$505,9,FALSE),0) -> Thai | H20: =IFERROR(VLOOKUP(B20,'Runner List'!$B$3:$O$505,10,FALSE),0) -> MKT33 | I20: =IFERROR(VLOOKUP(B20,'Runner List'!$B$3:$O$505,12,FALSE),0) -> 0.22916667
A21: 18 | B21: 3316 | C21: =IFERROR(VLOOKUP(B21,'Runner List'!$B$3:$O$505,5,FALSE),0) -> NIPON PATCHARASATID | D21: =IFERROR(VLOOKUP(B21,'Runner List'!$B$3:$O$505,6,FALSE),0) -> NIPON.P | E21: =IFERROR(VLOOKUP(B21,'Runner List'!$B$3:$O$505,7,FALSE),0) -> Male | F21: =IFERROR(VLOOKUP(B21,'Runner List'!$B$3:$O$505,8,FALSE),0) -> 40-49 | G21: =IFERROR(VLOOKUP(B21,'Runner List'!$B$3:$O$505,9,FALSE),0) -> Thai | H21: =IFERROR(VLOOKUP(B21,'Runner List'!$B$3:$O$505,10,FALSE),0) -> MKT33 | I21: =IFERROR(VLOOKUP(B21,'Runner List'!$B$3:$O$505,12,FALSE),0) -> 0.22916667
A22: 19 | B22: 3398 | C22: =IFERROR(VLOOKUP(B22,'Runner List'!$B$3:$O$505,5,FALSE),0) -> NUTCHAYA BOONTHUM | D22: =IFERROR(VLOOKUP(B22,'Runner List'!$B$3:$O$505,6,FALSE),0) -> NUTCHAYA.B | E22: =IFERROR(VLOOKUP(B22,'Runner List'!$B$3:$O$505,7,FALSE),0) -> Female | F22: =IFERROR(VLOOKUP(B22,'Runner List'!$B$3:$O$505,8,FALSE),0) -> 20-39 | G22: =IFERROR(VLOOKUP(B22,'Runner List'!$B$3:$O$505,9,FALSE),0) -> Thai | H22: =IFERROR(VLOOKUP(B22,'Runner List'!$B$3:$O$505,10,FALSE),0) -> MKT33 | I22: =IFERROR(VLOOKUP(B22,'Runner List'!$B$3:$O$505,12,FALSE),0) -> 0.22916667
A23: 20 | B23: 3399 | C23: =IFERROR(VLOOKUP(B23,'Runner List'!$B$3:$O$505,5,FALSE),0) -> KAMONNUT SUWANNA | D23: =IFERROR(VLOOKUP(B23,'Runner List'!$B$3:$O$505,6,FALSE),0) -> KAMONNUT.S | E23: =IFERROR(VLOOKUP(B23,'Runner List'!$B$3:$O$505,7,FALSE),0) -> Male | F23: =IFERROR(VLOOKUP(B23,'Runner List'!$B$3:$O$505,8,FALSE),0) -> 20-39 | G23: =IFERROR(VLOOKUP(B23,'Runner List'!$B$3:$O$505,9,FALSE),0) -> Thai | H23: =IFERROR(VLOOKUP(B23,'Runner List'!$B$3:$O$505,10,FALSE),0) -> MKT33 | I23: =IFERROR(VLOOKUP(B23,'Runner List'!$B$3:$O$505,12,FALSE),0) -> 0.22916667
A24: 21 | B24: 5032 | C24: =IFERROR(VLOOKUP(B24,'Runner List'!$B$3:$O$505,5,FALSE),0) -> MARTIN RIEDINGER | D24: =IFERROR(VLOOKUP(B24,'Runner List'!$B$3:$O$505,6,FALSE),0) -> MARTIN.R | E24: =IFERROR(VLOOKUP(B24,'Runner List'!$B$3:$O$505,7,FALSE),0) -> Male | F24: =IFERROR(VLOOKUP(B24,'Runner List'!$B$3:$O$505,8,FALSE),0) -> 40-49 | G24: =IFERROR(VLOOKUP(B24,'Runner List'!$B$3:$O$505,9,FALSE),0) -> German | H24: =IFERROR(VLOOKUP(B24,'Runner List'!$B$3:$O$505,10,FALSE),0) -> MKT50 | I24: =IFERROR(VLOOKUP(B24,'Runner List'!$B$3:$O$505,12,FALSE),0) -> 0.20833333
A25: 22 | B25: 3337 | C25: =IFERROR(VLOOKUP(B25,'Runner List'!$B$3:$O$505,5,FALSE),0) -> CHAIRAT TEEKHASAENEE | D25: =IFERROR(VLOOKUP(B25,'Runner List'!$B$3:$O$505,6,FALSE),0) -> CHAIRAT.T | E25: =IFERROR(VLOOKUP(B25,'Runner List'!$B$3:$O$505,7,FALSE),0) -> Male | F25: =IFERROR(VLOOKUP(B25,'Runner List'!$B$3:$O$505,8,FALSE),0) -> 50-59 | G25: =IFERROR(VLOOKUP(B25,'Runner List'!$B$3:$O$505,9,FALSE),0) -> Thai | H25: =IFERROR(VLOOKUP(B25,'Runner List'!$B$3:$O$505,10,FALSE),0) -> MKT33 | I25: =IFERROR(VLOOKUP(B25,'Runner List'!$B$3:$O$505,12,FALSE),0) -> 0.22916667
A26: 23 | B26: 3387 | C26: =IFERROR(VLOOKUP(B26,'Runner List'!$B$3:$O$505,5,FALSE),0) -> PIYAMAD SOMPAMOON | D26: =IFERROR(VLOOKUP(B26,'Runner List'!$B$3:$O$505,6,FALSE),0) -> PIYAMAD.S | E26: =IFERROR(VLOOKUP(B26,'Runner List'!$B$3:$O$505,7,FALSE),0) -> Female | F26: =IFERROR(VLOOKUP(B26,'Runner List'!$B$3:$O$505,8,FALSE),0) -> 40-49 | G26: =IFERROR(VLOOKUP(B26,'Runner List'!$B$3:$O$505,9,FALSE),0) -> Thai | H26: =IFERROR(VLOOKUP(B26,'Runner List'!$B$3:$O$505,10,FALSE),0) -> MKT33 | I26: =IFERROR(VLOOKUP(B26,'Runner List'!$B$3:$O$505,12,FALSE),0) -> 0.22916667
A27: 24 | B27: 5024 | C27: =IFERROR(VLOOKUP(B27,'Runner List'!$B$3:$O$505,5,FALSE),0) -> ROSSARIN JINATHAM | D27: =IFERROR(VLOOKUP(B27,'Runner List'!$B$3:$O$505,6,FALSE),0) -> ROSSARIN.J | E27: =IFERROR(VLOOKUP(B27,'Runner List'!$B$3:$O$505,7,FALSE),0) -> Female | F27: =IFERROR(VLOOKUP(B27,'Runner List'!$B$3:$O$505,8,FALSE),0) -> 40-49 | G27: =IFERROR(VLOOKUP(B27,'Runner List'!$B$3:$O$505,9,FALSE),0) -> Thai | H27: =IFERROR(VLOOKUP(B27,'Runner List'!$B$3:$O$505,10,FALSE),0) -> MKT50 | I27: =IFERROR(VLOOKUP(B27,'Runner List'!$B$3:$O$505,12,FALSE),0) -> 0.20833333
A28: 25 | B28: 5033 | C28: =IFERROR(VLOOKUP(B28,'Runner List'!$B$3:$O$505,5,FALSE),0) -> THANET THAMMASRIRAK | D28: =IFERROR(VLOOKUP(B28,'Runner List'!$B$3:$O$505,6,FALSE),0) -> THANET.T | E28: =IFERROR(VLOOKUP(B28,'Runner List'!$B$3:$O$505,7,FALSE),0) -> Male | F28: =IFERROR(VLOOKUP(B28,'Runner List'!$B$3:$O$505,8,FALSE),0) -> 50-59 | G28: =IFERROR(VLOOKUP(B28,'Runner List'!$B$3:$O$505,9,FALSE),0) -> Thai | H28: =IFERROR(VLOOKUP(B28,'Runner List'!$B$3:$O$505,10,FALSE),0) -> MKT50 | I28: =IFERROR(VLOOKUP(B28,'Runner List'!$B$3:$O$505,12,FALSE),0) -> 0.20833333
... A37: 34 | B37: 3333 | C37: =IFERROR(VLOOKUP(B37,'Runner List'!$B$3:$O$505,5,FALSE),0) -> SOMCHID KANTHAYA | D37: =IFERROR(VLOOKUP(B37,'Runner List'!$B$3:$O$505,6,FALSE),0) -> SOMCHID.K | E37: =IFERROR(VLOOKUP(B37,'Runner List'!$B$3:$O$505,7,FALSE),0) -> Male | F37: =IFERROR(VLOOKUP(B37,'Runner List'!$B$3:$O$505,8,FALSE),0) -> 50-59 | G37: =IFERROR(VLOOKUP(B37,'Runner List'!$B$3:$O$505,9,FALSE),0) -> Thai | H37: =IFERROR(VLOOKUP(B37,'Runner List'!$B$3:$O$505,10,FALSE),0) -> MKT33 | I37: =IFERROR(VLOOKUP(B37,'Runner List'!$B$3:$O$505,12,FALSE),0) -> 0.22916667
A38: 35 | B38: 3381 | C38: =IFERROR(VLOOKUP(B38,'Runner List'!$B$3:$O$505,5,FALSE),0) -> JANTARABOON KIANGCHAIPAIPHANA | D38: =IFERROR(VLOOKUP(B38,'Runner List'!$B$3:$O$505,6,FALSE),0) -> JANTARABOON.K | E38: =IFERROR(VLOOKUP(B38,'Runner List'!$B$3:$O$505,7,FALSE),0) -> Male | F38: =IFERROR(VLOOKUP(B38,'Runner List'!$B$3:$O$505,8,FALSE),0) -> 20-39 | G38: =IFERROR(VLOOKUP(B38,'Runner List'!$B$3:$O$505,9,FALSE),0) -> Thai | H38: =IFERROR(VLOOKUP(B38,'Runner List'!$B$3:$O$505,10,FALSE),0) -> MKT33 | I38: =IFERROR(VLOOKUP(B38,'Runner List'!$B$3:$O$505,12,FALSE),0) -> 0.22916667 | BE38: 14000
A39: 36 | B39: 3382 | C39: =IFERROR(VLOOKUP(B39,'Runner List'!$B$3:$O$505,5,FALSE),0) -> KHATTIYA HOMTHONG | D39: =IFERROR(VLOOKUP(B39,'Runner List'!$B$3:$O$505,6,FALSE),0) -> KHATTIYA.H | E39: =IFERROR(VLOOKUP(B39,'Runner List'!$B$3:$O$505,7,FALSE),0) -> Female | F39: =IFERROR(VLOOKUP(B39,'Runner List'!$B$3:$O$505,8,FALSE),0) -> 20-39 | G39: =IFERROR(VLOOKUP(B39,'Runner List'!$B$3:$O$505,9,FALSE),0) -> Thai | H39: =IFERROR(VLOOKUP(B39,'Runner List'!$B$3:$O$505,10,FALSE),0) -> MKT33 | I39: =IFERROR(VLOOKUP(B39,'Runner List'!$B$3:$O$505,12,FALSE),0) -> 0.22916667
A40: 37 | B40: 5028 | C40: =IFERROR(VLOOKUP(B40,'Runner List'!$B$3:$O$505,5,FALSE),0) -> ANEK PATTAMALUM | D40: =IFERROR(VLOOKUP(B40,'Runner List'!$B$3:$O$505,6,FALSE),0) -> ANEK.P | E40: =IFERROR(VLOOKUP(B40,'Runner List'!$B$3:$O$505,7,FALSE),0) -> Male | F40: =IFERROR(VLOOKUP(B40,'Runner List'!$B$3:$O$505,8,FALSE),0) -> 50-59 | G40: =IFERROR(VLOOKUP(B40,'Runner List'!$B$3:$O$505,9,FALSE),0) -> Thai | H40: =IFERROR(VLOOKUP(B40,'Runner List'!$B$3:$O$505,10,FALSE),0) -> MKT50 | I40: =IFERROR(VLOOKUP(B40,'Runner List'!$B$3:$O$505,12,FALSE),0) -> 0.20833333
A41: 38 | B41: 3393 | C41: =IFERROR(VLOOKUP(B41,'Runner List'!$B$3:$O$505,5,FALSE),0) -> CHANKKAPHUN PUNTA | D41: =IFERROR(VLOOKUP(B41,'Runner List'!$B$3:$O$505,6,FALSE),0) -> CHANKKAPHUN.P | E41: =IFERROR(VLOOKUP(B41,'Runner List'!$B$3:$O$505,7,FALSE),0) -> Male | F41: =IFERROR(VLOOKUP(B41,'Runner List'!$B$3:$O$505,8,FALSE),0) -> 40-49 | G41: =IFERROR(VLOOKUP(B41,'Runner List'!$B$3:$O$505,9,FALSE),0) -> Thai | H41: =IFERROR(VLOOKUP(B41,'Runner List'!$B$3:$O$505,10,FALSE),0) -> MKT33 | I41: =IFERROR(VLOOKUP(B41,'Runner List'!$B$3:$O$505,12,FALSE),0) -> 0.22916667
A42: 39 | B42: 5034 | C42: =IFERROR(VLOOKUP(B42,'Runner List'!$B$3:$O$505,5,FALSE),0) -> JEERAPHAN NONTAKA | D42: =IFERROR(VLOOKUP(B42,'Runner List'!$B$3:$O$505,6,FALSE),0) -> JEERAPHAN.N | E42: =IFERROR(VLOOKUP(B42,'Runner List'!$B$3:$O$505,7,FALSE),0) -> Male | F42: =IFERROR(VLOOKUP(B42,'Runner List'!$B$3:$O$505,8,FALSE),0) -> 20-39 | G42: =IFERROR(VLOOKUP(B42,'Runner List'!$B$3:$O$505,9,FALSE),0) -> Thai | H42: =IFERROR(VLOOKUP(B42,'Runner List'!$B$3:$O$505,10,FALSE),0) -> MKT50 | I42: =IFERROR(VLOOKUP(B42,'Runner List'!$B$3:$O$505,12,FALSE),0) -> 0.20833333
A43: 40 | B43: 3322 | C43: =IFERROR(VLOOKUP(B43,'Runner List'!$B$3:$O$505,5,FALSE),0) -> TEERAPONG TUMMAPAN | D43: =IFERROR(VLOOKUP(B43,'Runner List'!$B$3:$O$505,6,FALSE),0) -> TEERAPONG.T | E43: =IFERROR(VLOOKUP(B43,'Runner List'!$B$3:$O$505,7,FALSE),0) -> Male | F43: =IFERROR(VLOOKUP(B43,'Runner List'!$B$3:$O$505,8,FALSE),0) -> 20-39 | G43: =IFERROR(VLOOKUP(B43,'Runner List'!$B$3:$O$505,9,FALSE),0) -> Thai | H43: =IFERROR(VLOOKUP(B43,'Runner List'!$B$3:$O$505,10,FALSE),0) -> MKT33 | I43: =IFERROR(VLOOKUP(B43,'Runner List'!$B$3:$O$505,12,FALSE),0) -> 0.22916667
A44: 41 | B44: 3380 | C44: =IFERROR(VLOOKUP(B44,'Runner List'!$B$3:$O$505,5,FALSE),0) -> AIYADA KULTAKHAM | D44: =IFERROR(VLOOKUP(B44,'Runner List'!$B$3:$O$505,6,FALSE),0) -> AIYADA.K | E44: =IFERROR(VLOOKUP(B44,'Runner List'!$B$3:$O$505,7,FALSE),0) -> Female | F44: =IFERROR(VLOOKUP(B44,'Runner List'!$B$3:$O$505,8,FALSE),0) -> 40-49 | G44: =IFERROR(VLOOKUP(B44,'Runner List'!$B$3:$O$505,9,FALSE),0) -> Thai | H44: =IFERROR(VLOOKUP(B44,'Runner List'!$B$3:$O$505,10,FALSE),0) -> MKT33 | I44: =IFERROR(VLOOKUP(B44,'Runner List'!$B$3:$O$505,12,FALSE),0) -> 0.22916667
A45: 42 | B45: 3366 | C45: =IFERROR(VLOOKUP(B45,'Runner List'!$B$3:$O$505,5,FALSE),0) -> SUPAROEK NIYOMKARN | D45: =IFERROR(VLOOKUP(B45,'Runner List'!$B$3:$O$505,6,FALSE),0) -> SUPAROEK.N | E45: =IFERROR(VLOOKUP(B45,'Runner List'!$B$3:$O$505,7,FALSE),0) -> Male | F45: =IFERROR(VLOOKUP(B45,'Runner List'!$B$3:$O$505,8,FALSE),0) -> 20-39 | G45: =IFERROR(VLOOKUP(B45,'Runner List'!$B$3:$O$505,9,FALSE),0) -> Thai | H45: =IFERROR(VLOOKUP(B45,'Runner List'!$B$3:$O$505,10,FALSE),0) -> MKT33 | I45: =IFERROR(VLOOKUP(B45,'Runner List'!$B$3:$O$505,12,FALSE),0) -> 0.22916667
A46: 43 | B46: 5040 | C46: =IFERROR(VLOOKUP(B46,'Runner List'!$B$3:$O$505,5,FALSE),0) -> ROBERT MCCONNON | D46: =IFERROR(VLOOKUP(B46,'Runner List'!$B$3:$O$505,6,FALSE),0) -> ROBERT.M | E46: =IFERROR(VLOOKUP(B46,'Runner List'!$B$3:$O$505,7,FALSE),0) -> Male | F46: =IFERROR(VLOOKUP(B46,'Runner List'!$B$3:$O$505,8,FALSE),0) -> 40-49 | G46: =IFERROR(VLOOKUP(B46,'Runner List'!$B$3:$O$505,9,FALSE),0) -> Australia | H46: =IFERROR(VLOOKUP(B46,'Runner List'!$B$3:$O$505,10,FALSE),0) -> MKT50 | I46: =IFERROR(VLOOKUP(B46,'Runner List'!$B$3:$O$505,12,FALSE),0) -> 0.20833333
A47: 44 | B47: 3386 | C47: =IFERROR(VLOOKUP(B47,'Runner List'!$B$3:$O$505,5,FALSE),0) -> ARTITH KORKIETSOPA | D47: =IFERROR(VLOOKUP(B47,'Runner List'!$B$3:$O$505,6,FALSE),0) -> ARTITH.K | E47: =IFERROR(VLOOKUP(B47,'Runner List'!$B$3:$O$505,7,FALSE),0) -> Male | F47: =IFERROR(VLOOKUP(B47,'Runner List'!$B$3:$O$505,8,FALSE),0) -> 20-39 | G47: =IFERROR(VLOOKUP(B47,'Runner List'!$B$3:$O$505,9,FALSE),0) -> Thai | H47: =IFERROR(VLOOKUP(B47,'Runner List'!$B$3:$O$505,10,FALSE),0) -> MKT33 | I47: =IFERROR(VLOOKUP(B47,'Runner List'!$B$3:$O$505,12,FALSE),0) -> 0.22916667
A48: 45 | B48: 3363 | C48: =IFERROR(VLOOKUP(B48,'Runner List'!$B$3:$O$505,5,FALSE),0) -> KAMOL SUKWANG | D48: =IFERROR(VLOOKUP(B48,'Runner List'!$B$3:$O$505,6,FALSE),0) -> KAMOL.S | E48: =IFERROR(VLOOKUP(B48,'Runner List'!$B$3:$O$505,7,FALSE),0) -> Male | F48: =IFERROR(VLOOKUP(B48,'Runner List'!$B$3:$O$505,8,FALSE),0) -> 40-49 | G48: =IFERROR(VLOOKUP(B48,'Runner List'!$B$3:$O$505,9,FALSE),0) -> Thai | H48: =IFERROR(VLOOKUP(B48,'Runner List'!$B$3:$O$505,10,FALSE),0) -> MKT33 | I48: =IFERROR(VLOOKUP(B48,'Runner List'!$B$3:$O$505,12,FALSE),0) -> 0.22916667
A49: 46 | B49: 5018 | C49: =IFERROR(VLOOKUP(B49,'Runner List'!$B$3:$O$505,5,FALSE),0) -> MANOP MAEJIT | D49: =IFERROR(VLOOKUP(B49,'Runner List'!$B$3:$O$505,6,FALSE),0) -> MANOP.M | E49: =IFERROR(VLOOKUP(B49,'Runner List'!$B$3:$O$505,7,FALSE),0) -> Male | F49: =IFERROR(VLOOKUP(B49,'Runner List'!$B$3:$O$505,8,FALSE),0) -> 40-49 | G49: =IFERROR(VLOOKUP(B49,'Runner List'!$B$3:$O$505,9,FALSE),0) -> Thai | H49: =IFERROR(VLOOKUP(B49,'Runner List'!$B$3:$O$505,10,FALSE),0) -> MKT50 | I49: =IFERROR(VLOOKUP(B49,'Runner List'!$B$3:$O$505,12,FALSE),0) -> 0.20833333
A50: 47 | B50: 5049 | C50: =IFERROR(VLOOKUP(B50,'Runner List'!$B$3:$O$505,5,FALSE),0) -> SURAPONG PORNPRADIT | D50: =IFERROR(VLOOKUP(B50,'Runner List'!$B$3:$O$505,6,FALSE),0) -> SURAPONG PORNPRADIT | E50: =IFERROR(VLOOKUP(B50,'Runner List'!$B$3:$O$505,7,FALSE),0) -> Male | F50: =IFERROR(VLOOKUP(B50,'Runner List'!$B$3:$O$505,8,FALSE),0) -> 60 Plus | G50: =IFERROR(VLOOKUP(B50,'Runner List'!$B$3:$O$505,9,FALSE),0) -> Thai | H50: =IFERROR(VLOOKUP(B50,'Runner List'!$B$3:$O$505,10,FALSE),0) -> MKT50 | I50: =IFERROR(VLOOKUP(B50,'Runner List'!$B$3:$O$505,12,FALSE),0) -> 0.20833333
... A104: 101 | B104: 3335 | C104: =IFERROR(VLOOKUP(B104,'Runner List'!$B$3:$O$505,5,FALSE),0) -> SUDARAT TAOLAT | D104: =IFERROR(VLOOKUP(B104,'Runner List'!$B$3:$O$505,6,FALSE),0) -> SUDARAT.T | E104: =IFERROR(VLOOKUP(B104,'Runner List'!$B$3:$O$505,7,FALSE),0) -> Female | F104: =IFERROR(VLOOKUP(B104,'Runner List'!$B$3:$O$505,8,FALSE),0) -> 20-39 | G104: =IFERROR(VLOOKUP(B104,'Runner List'!$B$3:$O$505,9,FALSE),0) -> Thai | H104: =IFERROR(VLOOKUP(B104,'Runner List'!$B$3:$O$505,10,FALSE),0) -> MKT33 | I104: =IFERROR(VLOOKUP(B104,'Runner List'!$B$3:$O$505,12,FALSE),0) -> 0.22916667
A105: 102 | C105: =IFERROR(VLOOKUP(B105,'Runner List'!$B$3:$O$505,5,FALSE),0) -> 0 | D105: =IFERROR(VLOOKUP(B105,'Runner List'!$B$3:$O$505,6,FALSE),0) -> 0 | E105: =IFERROR(VLOOKUP(B105,'Runner List'!$B$3:$O$505,7,FALSE),0) -> 0 | F105: =IFERROR(VLOOKUP(B105,'Runner List'!$B$3:$O$505,8,FALSE),0) -> 0 | G105: =IFERROR(VLOOKUP(B105,'Runner List'!$B$3:$O$505,9,FALSE),0) -> 0 | H105: =IFERROR(VLOOKUP(B105,'Runner List'!$B$3:$O$505,10,FALSE),0) -> 0 | I105: =IFERROR(VLOOKUP(B105,'Runner List'!$B$3:$O$505,12,FALSE),0) -> 0
A106: 103 | C106: =IFERROR(VLOOKUP(B106,'Runner List'!$B$3:$O$505,5,FALSE),0) -> 0 | D106: =IFERROR(VLOOKUP(B106,'Runner List'!$B$3:$O$505,6,FALSE),0) -> 0 | E106: =IFERROR(VLOOKUP(B106,'Runner List'!$B$3:$O$505,7,FALSE),0) -> 0 | F106: =IFERROR(VLOOKUP(B106,'Runner List'!$B$3:$O$505,8,FALSE),0) -> 0 | G106: =IFERROR(VLOOKUP(B106,'Runner List'!$B$3:$O$505,9,FALSE),0) -> 0 | H106: =IFERROR(VLOOKUP(B106,'Runner List'!$B$3:$O$505,10,FALSE),0) -> 0 | I106: =IFERROR(VLOOKUP(B106,'Runner List'!$B$3:$O$505,12,FALSE),0) -> 0
A107: 104 | C107: =IFERROR(VLOOKUP(B107,'Runner List'!$B$3:$O$505,5,FALSE),0) -> 0 | D107: =IFERROR(VLOOKUP(B107,'Runner List'!$B$3:$O$505,6,FALSE),0) -> 0 | E107: =IFERROR(VLOOKUP(B107,'Runner List'!$B$3:$O$505,7,FALSE),0) -> 0 | F107: =IFERROR(VLOOKUP(B107,'Runner List'!$B$3:$O$505,8,FALSE),0) -> 0 | G107: =IFERROR(VLOOKUP(B107,'Runner List'!$B$3:$O$505,9,FALSE),0) -> 0 | H107: =IFERROR(VLOOKUP(B107,'Runner List'!$B$3:$O$505,10,FALSE),0) -> 0 | I107: =IFERROR(VLOOKUP(B107,'Runner List'!$B$3:$O$505,12,FALSE),0) -> 0
A108: 105 | C108: =IFERROR(VLOOKUP(B108,'Runner List'!$B$3:$O$505,5,FALSE),0) -> 0 | D108: =IFERROR(VLOOKUP(B108,'Runner List'!$B$3:$O$505,6,FALSE),0) -> 0 | E108: =IFERROR(VLOOKUP(B108,'Runner List'!$B$3:$O$505,7,FALSE),0) -> 0 | F108: =IFERROR(VLOOKUP(B108,'Runner List'!$B$3:$O$505,8,FALSE),0) -> 0 | G108: =IFERROR(VLOOKUP(B108,'Runner List'!$B$3:$O$505,9,FALSE),0) -> 0 | H108: =IFERROR(VLOOKUP(B108,'Runner List'!$B$3:$O$505,10,FALSE),0) -> 0 | I108: =IFERROR(VLOOKUP(B108,'Runner List'!$B$3:$O$505,12,FALSE),0) -> 0
A109: 106 | C109: =IFERROR(VLOOKUP(B109,'Runner List'!$B$3:$O$505,5,FALSE),0) -> 0 | D109: =IFERROR(VLOOKUP(B109,'Runner List'!$B$3:$O$505,6,FALSE),0) -> 0 | E109: =IFERROR(VLOOKUP(B109,'Runner List'!$B$3:$O$505,7,FALSE),0) -> 0 | F109: =IFERROR(VLOOKUP(B109,'Runner List'!$B$3:$O$505,8,FALSE),0) -> 0 | G109: =IFERROR(VLOOKUP(B109,'Runner List'!$B$3:$O$505,9,FALSE),0) -> 0 | H109: =IFERROR(VLOOKUP(B109,'Runner List'!$B$3:$O$505,10,FALSE),0) -> 0 | I109: =IFERROR(VLOOKUP(B109,'Runner List'!$B$3:$O$505,12,FALSE),0) -> 0
A110: 107 | C110: =IFERROR(VLOOKUP(B110,'Runner List'!$B$3:$O$505,5,FALSE),0) -> 0 | D110: =IFERROR(VLOOKUP(B110,'Runner List'!$B$3:$O$505,6,FALSE),0) -> 0 | E110: =IFERROR(VLOOKUP(B110,'Runner List'!$B$3:$O$505,7,FALSE),0) -> 0 | F110: =IFERROR(VLOOKUP(B110,'Runner List'!$B$3:$O$505,8,FALSE),0) -> 0 | G110: =IFERROR(VLOOKUP(B110,'Runner List'!$B$3:$O$505,9,FALSE),0) -> 0 | H110: =IFERROR(VLOOKUP(B110,'Runner List'!$B$3:$O$505,10,FALSE),0) -> 0 | I110: =IFERROR(VLOOKUP(B110,'Runner List'!$B$3:$O$505,12,FALSE),0) -> 0
A111: 108 | C111: =IFERROR(VLOOKUP(B111,'Runner List'!$B$3:$O$505,5,FALSE),0) -> 0 | D111: =IFERROR(VLOOKUP(B111,'Runner List'!$B$3:$O$505,6,FALSE),0) -> 0 | E111: =IFERROR(VLOOKUP(B111,'Runner List'!$B$3:$O$505,7,FALSE),0) -> 0 | F111: =IFERROR(VLOOKUP(B111,'Runner List'!$B$3:$O$505,8,FALSE),0) -> 0 | G111: =IFERROR(VLOOKUP(B111,'Runner List'!$B$3:$O$505,9,FALSE),0) -> 0 | H111: =IFERROR(VLOOKUP(B111,'Runner List'!$B$3:$O$505,10,FALSE),0) -> 0 | I111: =IFERROR(VLOOKUP(B111,'Runner List'!$B$3:$O$505,12,FALSE),0) -> 0
A112: 109 | C112: =IFERROR(VLOOKUP(B112,'Runner List'!$B$3:$O$505,5,FALSE),0) -> 0 | D112: =IFERROR(VLOOKUP(B112,'Runner List'!$B$3:$O$505,6,FALSE),0) -> 0 | E112: =IFERROR(VLOOKUP(B112,'Runner List'!$B$3:$O$505,7,FALSE),0) -> 0 | F112: =IFERROR(VLOOKUP(B112,'Runner List'!$B$3:$O$505,8,FALSE),0) -> 0 | G112: =IFERROR(VLOOKUP(B112,'Runner List'!$B$3:$O$505,9,FALSE),0) -> 0 | H112: =IFERROR(VLOOKUP(B112,'Runner List'!$B$3:$O$505,10,FALSE),0) -> 0 | I112: =IFERROR(VLOOKUP(B112,'Runner List'!$B$3:$O$505,12,FALSE),0) -> 0
A113: 110 | C113: =IFERROR(VLOOKUP(B113,'Runner List'!$B$3:$O$505,5,FALSE),0) -> 0 | D113: =IFERROR(VLOOKUP(B113,'Runner List'!$B$3:$O$505,6,FALSE),0) -> 0 | E113: =IFERROR(VLOOKUP(B113,'Runner List'!$B$3:$O$505,7,FALSE),0) -> 0 | F113: =IFERROR(VLOOKUP(B113,'Runner List'!$B$3:$O$505,8,FALSE),0) -> 0 | G113: =IFERROR(VLOOKUP(B113,'Runner List'!$B$3:$O$505,9,FALSE),0) -> 0 | H113: =IFERROR(VLOOKUP(B113,'Runner List'!$B$3:$O$505,10,FALSE),0) -> 0 | I113: =IFERROR(VLOOKUP(B113,'Runner List'!$B$3:$O$505,12,FALSE),0) -> 0
A114: 111 | C114: =IFERROR(VLOOKUP(B114,'Runner List'!$B$3:$O$505,5,FALSE),0) -> 0 | D114: =IFERROR(VLOOKUP(B114,'Runner List'!$B$3:$O$505,6,FALSE),0) -> 0 | E114: =IFERROR(VLOOKUP(B114,'Runner List'!$B$3:$O$505,7,FALSE),0) -> 0 | F114: =IFERROR(VLOOKUP(B114,'Runner List'!$B$3:$O$505,8,FALSE),0) -> 0 | G114: =IFERROR(VLOOKUP(B114,'Runner List'!$B$3:$O$505,9,FALSE),0) -> 0 | H114: =IFERROR(VLOOKUP(B114,'Runner List'!$B$3:$O$505,10,FALSE),0) -> 0 | I114: =IFERROR(VLOOKUP(B114,'Runner List'!$B$3:$O$505,12,FALSE),0) -> 0
A115: 112 | C115: =IFERROR(VLOOKUP(B115,'Runner List'!$B$3:$O$505,5,FALSE),0) -> 0 | D115: =IFERROR(VLOOKUP(B115,'Runner List'!$B$3:$O$505,6,FALSE),0) -> 0 | E115: =IFERROR(VLOOKUP(B115,'Runner List'!$B$3:$O$505,7,FALSE),0) -> 0 | F115: =IFERROR(VLOOKUP(B115,'Runner List'!$B$3:$O$505,8,FALSE),0) -> 0 | G115: =IFERROR(VLOOKUP(B115,'Runner List'!$B$3:$O$505,9,FALSE),0) -> 0 | H115: =IFERROR(VLOOKUP(B115,'Runner List'!$B$3:$O$505,10,FALSE),0) -> 0 | I115: =IFERROR(VLOOKUP(B115,'Runner List'!$B$3:$O$505,12,FALSE),0) -> 0
A116: 113 | C116: =IFERROR(VLOOKUP(B116,'Runner List'!$B$3:$O$505,5,FALSE),0) -> 0 | D116: =IFERROR(VLOOKUP(B116,'Runner List'!$B$3:$O$505,6,FALSE),0) -> 0 | E116: =IFERROR(VLOOKUP(B116,'Runner List'!$B$3:$O$505,7,FALSE),0) -> 0 | F116: =IFERROR(VLOOKUP(B116,'Runner List'!$B$3:$O$505,8,FALSE),0) -> 0 | G116: =IFERROR(VLOOKUP(B116,'Runner List'!$B$3:$O$505,9,FALSE),0) -> 0 | H116: =IFERROR(VLOOKUP(B116,'Runner List'!$B$3:$O$505,10,FALSE),0) -> 0 | I116: =IFERROR(VLOOKUP(B116,'Runner List'!$B$3:$O$505,12,FALSE),0) -> 0
... A203: 200 | C203: =IFERROR(VLOOKUP(B203,'Runner List'!$B$3:$O$505,5,FALSE),0) -> 0 | D203: =IFERROR(VLOOKUP(B203,'Runner List'!$B$3:$O$505,6,FALSE),0) -> 0 | E203: =IFERROR(VLOOKUP(B203,'Runner List'!$B$3:$O$505,7,FALSE),0) -> 0 | F203: =IFERROR(VLOOKUP(B203,'Runner List'!$B$3:$O$505,8,FALSE),0) -> 0 | G203: =IFERROR(VLOOKUP(B203,'Runner List'!$B$3:$O$505,9,FALSE),0) -> 0 | H203: =IFERROR(VLOOKUP(B203,'Runner List'!$B$3:$O$505,10,FALSE),0) -> 0 | I203: =IFERROR(VLOOKUP(B203,'Runner List'!$B$3:$O$505,12,FALSE),0) -> 0

Sheet Runner List
A1: No. | B1: BIB NUMBER | C1: BARCODE | D1: MR, MISS Or MRS | E1: Name Surname | F1: FIRST NAME-LAST NAME | G1: Name on BIB | H1: GENDER | I1: Age Group | J1: NATIONALITY | K1: Category | L1: ผู้ติดต่อกรณีฉุกเฉิน (Emergency contact) / หมายเลขโทรศัพท์ (Telephone number emergency contact) | M1: Start Time เวลาปล่อยตัว | N1: จำนวนผู้เข้าแข่งขัน (คน) | P1: BIB COLLECTION Privacy Notice Agree | Q1: หมายเหตุ Remark | U1: Runner Amount
A2: ลำดับ | B2: หมายเลขแข่งขัน | C2: แถบหมายเลข | D2: คำนำหน้าชื่อ | E2: ชื่อ-นามสกุล | F2: ชื่อ-นามสกุล | G2: ชื่อบนหมายเลขวิ่ง | H2: เพศ | I2: กลุ่มอายุ | J2: สัญชาติ | K2: ประเภทแข่งขัน | N2: แยกช่วงอายุ | O2: รวม
A3: 1 | B3: 3315 | C3: ="*"&B3&"*" -> *3315* | D3: นาย (Mr.) | E3: SUCHAT PLEESUDJAI | F3: =UPPER(E3) -> SUCHAT PLEESUDJAI | G3: SUCHAT.P | H3: Male | I3: 50-59 | J3: Thai | K3: MKT33 | M3: 0.22916667 | R3: Green Color | S3: L (chest 40) | U3: MKT33 | V3: =COUNTIF($K$3:$K$205,"MKT33") -> 86 | Z3: MKT50 | AA3: =COUNTIF($K$3:$K$205,"MKT50") -> 35
A4: 2 | B4: 3316 | C4: ="*"&B4&"*" -> *3316* | D4: นาย (Mr.) | E4: Nipon Patcharasatid | F4: =UPPER(E4) -> NIPON PATCHARASATID | G4: NIPON.P | H4: Male | I4: 40-49 | J4: Thai | K4: MKT33 | M4: 0.22916667 | R4: Green Color | S4: L (chest 40) | U4: Male | V4: =COUNTIFS($K$3:$K$204,"MKT33",$H$3:$H$204,"Male") -> 52 | W4: 20-39 | X4: =COUNTIFS($K$3:$K$205,"MKT33",$H$3:$H$205,"Male",$I$3:$I$205,"20-39") -> 21 | Z4: Male | AA4: =COUNTIFS($K$3:$K$205,"MKT50",$H$3:$H$205,"Male") -> 25 | AB4: 20-39 | AC4: =COUNTIFS($K$3:$K$205,"MKT50",$H$3:$H$205,"Male",$I$3:$I$205,"20-39") -> 3
A5: 3 | B5: 3317 | C5: ="*"&B5&"*" -> *3317* | D5: นาย (Mr.) | E5: PRAYAT JIT-AREE | F5: =UPPER(E5) -> PRAYAT JIT-AREE | G5: PRAYAT.J | H5: Male | I5: 50-59 | J5: Thai | K5: MKT33 | M5: 0.22916667 | R5: Cream Color | S5: L (chest 40) | W5: 40-49 | X5: =COUNTIFS($K$3:$K$205,"MKT33",$H$3:$H$205,"Male",$I$3:$I$205,"40-49") -> 16 | AB5: 40-49 | AC5: =COUNTIFS($K$3:$K$205,"MKT50",$H$3:$H$205,"Male",$I$3:$I$205,"40-49") -> 14
A6: 4 | B6: 3318 | C6: ="*"&B6&"*" -> *3318* | D6: นางสาว / นาง (Miss/Mrs.) | E6: Thiramad Thanetjindarat | F6: =UPPER(E6) -> THIRAMAD THANETJINDARAT | G6: THIRAMAD.T | H6: Female | I6: 40-49 | J6: Thai | K6: MKT33 | M6: 0.22916667 | R6: Green Color | S6: M (chest 38) | W6: 50-59 | X6: =COUNTIFS($K$3:$K$205,"MKT33",$H$3:$H$205,"Male",$I$3:$I$205,"50-59") -> 12 | AB6: 50-59 | AC6: =COUNTIFS($K$3:$K$205,"MKT50",$H$3:$H$205,"Male",$I$3:$I$205,"50-59") -> 5
A7: 5 | B7: 3319 | C7: ="*"&B7&"*" -> *3319* | D7: นาย (Mr.) | E7: Montri Thanetjindarat | F7: =UPPER(E7) -> MONTRI THANETJINDARAT | G7: MONTRI.T | H7: Male | I7: 50-59 | J7: Thai | K7: MKT33 | M7: 0.22916667 | R7: Cream Color | S7: M (chest 38) | W7: 60 Plus | X7: =COUNTIFS($K$3:$K$205,"MKT33",$H$3:$H$205,"Male",$I$3:$I$205,"60 Plus") -> 3 | AB7: 60 Plus | AC7: =COUNTIFS($K$3:$K$205,"MKT50",$H$3:$H$205,"Male",$I$3:$I$205,"60 Plus") -> 3
A8: 6 | B8: 3320 | C8: ="*"&B8&"*" -> *3320* | D8: นาย (Mr.) | E8: Vatchara Pumnoi | F8: =UPPER(E8) -> VATCHARA PUMNOI | G8: VATCHARA.P | H8: Male | I8: 50-59 | J8: Thai | K8: MKT33 | M8: 0.22916667 | R8: Green Color | S8: M (chest 38) | U8: Female | V8: =COUNTIFS($K$3:$K$205,"MKT33",$H$3:$H$205,"Female") -> 30 | W8: 20-39 | X8: =COUNTIFS($K$3:$K$205,"MKT33",$H$3:$H$205,"Female",$I$3:$I$205,"20-39") -> 15 | Z8: Female | AA8: =COUNTIFS($K$3:$K$205,"MKT50",$H$3:$H$205,"Female") -> 9 | AB8: 20-39 | AC8: =COUNTIFS($K$3:$K$205,"MKT50",$H$3:$H$205,"Female",$I$3:$I$205,"20-39") -> 0
A9: 7 | B9: 3321 | C9: ="*"&B9&"*" -> *3321* | D9: นางสาว / นาง (Miss/Mrs.) | E9: Khamnong Seeda | F9: =UPPER(E9) -> KHAMNONG SEEDA | G9: KHAMNONG.S | H9: Female | I9: 20-39 | J9: Thai | K9: MKT33 | M9: 0.22916667 | R9: Cream Color | S9: XS (chest 34) | W9: 40-49 | X9: =COUNTIFS($K$3:$K$205,"MKT33",$H$3:$H$205,"Female",$I$3:$I$205,"40-49") -> 9 | AB9: 40-49 | AC9: =COUNTIFS($K$3:$K$205,"MKT50",$H$3:$H$205,"Female",$I$3:$I$205,"40-49") -> 3
A10: 8 | B10: 3322 | C10: ="*"&B10&"*" -> *3322* | D10: นาย (Mr.) | E10: Teerapong Tummapan | F10: =UPPER(E10) -> TEERAPONG TUMMAPAN | G10: TEERAPONG.T | H10: Male | I10: 20-39 | J10: Thai | K10: MKT33 | M10: 0.22916667 | R10: Cream Color | S10: XL (chest 42) | W10: 50-59 | X10: =COUNTIFS($K$3:$K$205,"MKT33",$H$3:$H$205,"Female",$I$3:$I$205,"50-59") -> 4 | AB10: 50-59 | AC10: =COUNTIFS($K$3:$K$205,"MKT50",$H$3:$H$205,"Female",$I$3:$I$205,"50-59") -> 5
A11: 9 | B11: 3323 | C11: ="*"&B11&"*" -> *3323* | D11: นาย (Mr.) | E11: Peamsook Kuntaseema | F11: =UPPER(E11) -> PEAMSOOK KUNTASEEMA | G11: PEAMSOOK.K | H11: Male | I11: 20-39 | J11: Thai | K11: MKT33 | M11: 0.22916667 | R11: Green Color | S11: M (chest 38) | W11: 60 Plus | X11: =COUNTIFS($K$3:$K$205,"MKT33",$H$3:$H$205,"Female",$I$3:$I$205,"60 Plus") -> 2 | AB11: 60 Plus | AC11: =COUNTIFS($K$3:$K$205,"MKT50",$H$3:$H$205,"Female",$I$3:$I$205,"60 Plus") -> 1
A12: 10 | B12: 3324 | C12: ="*"&B12&"*" -> *3324* | D12: นางสาว / นาง (Miss/Mrs.) | E12: Nadhakan Shinnaranantana | F12: =UPPER(E12) -> NADHAKAN SHINNARANANTANA | G12: NADHAKAN.S | H12: Female | I12: 40-49 | J12: Thai | K12: MKT33 | M12: 0.22916667 | R12: Green Color | S12: M (chest 38) | U12: LGBTIQAN+ | V12: =COUNTIFS($K$3:$K$205,"MKT33",$H$3:$H$205,"LGBTIQAN+") -> 4 | W12: 20-39 | X12: N/A | Z12: LGBTIQAN+ | AA12: =COUNTIFS($K$3:$K$205,"MKT50",$H$3:$H$205,"LGBTIQAN+") -> 1 | AB12: 20-39 | AC12: N/A
A13: 11 | B13: 3325 | C13: ="*"&B13&"*" -> *3325* | D13: นางสาว / นาง (Miss/Mrs.) | E13: Daranee Chotisthayangura | F13: =UPPER(E13) -> DARANEE CHOTISTHAYANGURA | G13: DARANEE.C | H13: Female | I13: 50-59 | J13: Thai | K13: MKT33 | M13: 0.22916667 | R13: Green Color | S13: S (chest 36) | W13: 40-49 | X13: N/A | AB13: 40-49 | AC13: N/A
A14: 12 | B14: 3326 | C14: ="*"&B14&"*" -> *3326* | D14: นางสาว / นาง (Miss/Mrs.) | E14: Janthima Chotisthayangura | F14: =UPPER(E14) -> JANTHIMA CHOTISTHAYANGURA | G14: JANTHIMA.C | H14: Female | I14: 50-59 | J14: Thai | K14: MKT33 | M14: 0.22916667 | R14: Green Color | S14: S (chest 36) | W14: 50-59 | X14: N/A | AB14: 50-59 | AC14: N/A
A15: 13 | B15: 3327 | C15: ="*"&B15&"*" -> *3327* | D15: นางสาว / นาง (Miss/Mrs.) | E15: Nongluck Sermsupt | F15: =UPPER(E15) -> NONGLUCK SERMSUPT | G15: NONGLUCK.S | H15: Female | I15: 50-59 | J15: Thai | K15: MKT33 | M15: 0.22916667 | R15: Cream Color | S15: XS (chest 34) | W15: 60 Plus | X15: N/A | AB15: 60 Plus | AC15: N/A
A16: 14 | B16: 3328 | C16: ="*"&B16&"*" -> *3328* | D16: นางสาว / นาง (Miss/Mrs.) | E16: PHAWINEE TIPHAWANG | F16: =UPPER(E16) -> PHAWINEE TIPHAWANG | G16: PHAWINEE.T | H16: Female | I16: 20-39 | J16: Thai | K16: MKT33 | M16: 0.22916667 | R16: Cream Color | S16: M (chest 38) | V16: =SUM(V4:V15) -> 86 | AA16: =SUM(AA4:AA15) -> 35
A17: 15 | B17: 3329 | C17: ="*"&B17&"*" -> *3329* | D17: นาย (Mr.) | E17: Settha phaikhamnam | F17: =UPPER(E17) -> SETTHA PHAIKHAMNAM | G17: SETTHA.P | H17: Male | I17: 40-49 | J17: Thai | K17: MKT33 | M17: 0.22916667 | R17: Cream Color | S17: XXL (chest 44)
A18: 16 | B18: 3330 | C18: ="*"&B18&"*" -> *3330* | D18: นาย (Mr.) | E18: NUTTAWUT SUPANURAT | F18: =UPPER(E18) -> NUTTAWUT SUPANURAT | G18: NUTTAWUT.S | H18: Male | I18: 40-49 | J18: Thai | K18: MKT33 | M18: 0.22916667 | R18: Green Color | S18: L (chest 40)
A19: 17 | B19: 3331 | C19: ="*"&B19&"*" -> *3331* | D19: นางสาว / นาง (Miss/Mrs.) | E19: Piyamad Sompamoon | F19: =UPPER(E19) -> PIYAMAD SOMPAMOON | G19: PIYAMAD.S | H19: Female | I19: 40-49 | J19: Thai | K19: MKT33 | M19: 0.22916667
A20: 18 | B20: 3332 | C20: ="*"&B20&"*" -> *3332* | D20: นางสาว / นาง (Miss/Mrs.) | E20: NIPAWAN JAITANONG | F20: =UPPER(E20) -> NIPAWAN JAITANONG | G20: NIPAWAN.J | H20: Female | I20: 40-49 | J20: Thai | K20: MKT33 | M20: 0.22916667 | R20: Cream Color | S20: S (chest 36)
A21: 19 | B21: 3333 | C21: ="*"&B21&"*" -> *3333* | D21: นาย (Mr.) | E21: SOMCHID KANTHAYA | F21: =UPPER(E21) -> SOMCHID KANTHAYA | G21: SOMCHID.K | H21: Male | I21: 50-59 | J21: Thai | K21: MKT33 | M21: 0.22916667 | R21: Cream Color | S21: M (chest 38)
A22: 20 | B22: 3334 | C22: ="*"&B22&"*" -> *3334* | D22: นางสาว / นาง (Miss/Mrs.) | E22: KAMONRUT THONGRAK | F22: =UPPER(E22) -> KAMONRUT THONGRAK | G22: KAMONRUT.T | H22: Female | I22: 20-39 | J22: Thai | K22: MKT33 | M22: 0.22916667 | R22: Cream Color | S22: S (chest 36)
A23: 21 | B23: 3335 | C23: ="*"&B23&"*" -> *3335* | D23: นางสาว / นาง (Miss/Mrs.) | E23: SUDARAT TAOLAT | F23: =UPPER(E23) -> SUDARAT TAOLAT | G23: SUDARAT.T | H23: Female | I23: 20-39 | J23: Thai | K23: MKT33 | M23: 0.22916667 | R23: Green Color | S23: S (chest 36)
A24: 22 | B24: 3336 | C24: ="*"&B24&"*" -> *3336* | D24: นาย (Mr.) | E24: Suthep Jirapatpongsakorn | F24: =UPPER(E24) -> SUTHEP JIRAPATPONGSAKORN | G24: SUTHEP.J | H24: Male | I24: 60 Plus | J24: Thai | K24: MKT33 | M24: 0.22916667 | R24: Cream Color | S24: L (chest 40)
A25: 23 | B25: 3337 | C25: ="*"&B25&"*" -> *3337* | D25: นาย (Mr.) | E25: chairat teekhasaenee | F25: =UPPER(E25) -> CHAIRAT TEEKHASAENEE | G25: CHAIRAT.T | H25: Male | I25: 50-59 | J25: Thai | K25: MKT33 | M25: 0.22916667 | R25: Cream Color | S25: S (chest 36)
A26: 24 | B26: 3338 | C26: ="*"&B26&"*" -> *3338* | D26: นาย (Mr.) | E26: panuwat buayoy | F26: =UPPER(E26) -> PANUWAT BUAYOY | G26: PANUWAT.B | H26: Male | I26: 20-39 | J26: Thai | K26: MKT33 | M26: 0.22916667 | R26: Green Color | S26: XL (chest 42)
A27: 25 | B27: 3339 | C27: ="*"&B27&"*" -> *3339* | D27: นางสาว / นาง (Miss/Mrs.) | E27: Sireetorn Arunrukthavon | F27: =UPPER(E27) -> SIREETORN ARUNRUKTHAVON | G27: SIREETORN.A | H27: Female | I27: 20-39 | J27: Thai | K27: MKT33 | M27: 0.22916667 | R27: Cream Color | S27: XS (chest 34)
A28: 26 | B28: 3340 | C28: ="*"&B28&"*" -> *3340* | D28: นาย (Mr.) | E28: Baramee Navanopparatskul | F28: =UPPER(E28) -> BARAMEE NAVANOPPARATSKUL | G28: BARAMEE.N | H28: Male | I28: 40-49 | J28: Thai | K28: MKT33 | M28: 0.22916667 | R28: Cream Color | S28: S (chest 36)
A29: 27 | B29: 3341 | C29: ="*"&B29&"*" -> *3341* | D29: นาย (Mr.) | E29: Kamol wattanapanich | F29: =UPPER(E29) -> KAMOL WATTANAPANICH | G29: KAMOL.W | H29: Male | I29: 50-59 | J29: Thai | K29: MKT33 | M29: 0.22916667 | R29: Cream Color | S29: M (chest 38)
A30: 28 | B30: 3342 | C30: ="*"&B30&"*" -> *3342* | D30: นาย (Mr.) | E30: Dan Koottatep | F30: =UPPER(E30) -> DAN KOOTTATEP | G30: DAN KOOTTATEP | H30: Male | I30: 40-49 | J30: Norwegian | K30: MKT33 | M30: 0.22916667 | R30: Green Color | S30: XL (chest 42)
A31: 29 | B31: 3343 | C31: ="*"&B31&"*" -> *3343* | D31: นางสาว / นาง (Miss/Mrs.) | E31: Rataporn Tipmontree | F31: =UPPER(E31) -> RATAPORN TIPMONTREE | G31: RATAPORN.T | H31: Female | I31: 20-39 | J31: Thai | K31: MKT33 | M31: 0.22916667 | R31: Green Color | S31: S (chest 36)
... A43: 41 | B43: 3355 | C43: ="*"&B43&"*" -> *3355* | D43: นาย (Mr.) | E43: Torpong Mansumruatkan | F43: =UPPER(E43) -> TORPONG MANSUMRUATKAN | G43: TORPONG.M | H43: Male | I43: 20-39 | J43: Thai | K43: MKT33 | M43: 0.22916667 | R43: Green Color | S43: XL (chest 42)
A44: 42 | B44: 3356 | C44: ="*"&B44&"*" -> *3356* | E44: Matcha Phorin | F44: =UPPER(E44) -> MATCHA PHORIN | G44: MATCHA.P | H44: LGBTIQAN+ | I44: 40-49 | J44: Thai | K44: MKT33 | M44: 0.22916667 | R44: Green Color | S44: L (chest 40)
A45: 43 | B45: 3357 | C45: ="*"&B45&"*" -> *3357* | E45: Veerawn Wanna | F45: =UPPER(E45) -> VEERAWN WANNA | G45: VEERAWN.W | H45: LGBTIQAN+ | I45: 50-59 | J45: Thai | K45: MKT33 | M45: 0.22916667 | R45: Green Color | S45: L (chest 40)
A46: 44 | B46: 3358 | C46: ="*"&B46&"*" -> *3358* | E46: Siriwan Phomin | F46: =UPPER(E46) -> SIRIWAN PHOMIN | G46: SIRIWAN.P | H46: LGBTIQAN+ | I46: 20-39 | J46: Thai | K46: MKT33 | M46: 0.22916667 | R46: Green Color | S46: XS (chest 34)
A47: 45 | B47: 3359 | C47: ="*"&B47&"*" -> *3359* | D47: นาย (Mr.) | E47: Putthapong Jitrakyad | F47: =UPPER(E47) -> PUTTHAPONG JITRAKYAD | G47: PUTTHAPONG.J | H47: Male | I47: 40-49 | J47: Thai | K47: MKT33 | M47: 0.22916667 | R47: Green Color | S47: L (chest 40)
A48: 46 | B48: 3360 | C48: ="*"&B48&"*" -> *3360* | E48: Somsir Labbuda | F48: =UPPER(E48) -> SOMSIR LABBUDA | G48: SOMSIR.L | H48: LGBTIQAN+ | I48: 20-39 | J48: Thai | K48: MKT33 | M48: 0.22916667 | R48: Green Color | S48: L (chest 40)
A49: 47 | B49: 3361 | C49: ="*"&B49&"*" -> *3361* | D49: นางสาว / นาง (Miss/Mrs.) | E49: Jularruck Chuntapa | F49: =UPPER(E49) -> JULARRUCK CHUNTAPA | G49: JULARRUCK.C | H49: Female | I49: 60 Plus | J49: Thai | K49: MKT33 | M49: 0.22916667 | R49: Green Color | S49: S (chest 36)
A50: 48 | B50: 3362 | C50: ="*"&B50&"*" -> *3362* | D50: นาย (Mr.) | E50: Athippakorn Lnjinda | F50: =UPPER(E50) -> ATHIPPAKORN LNJINDA | G50: ATHIPPAKORN.L | H50: Male | I50: 20-39 | J50: Thai | K50: MKT33 | M50: 0.22916667 | R50: Green Color | S50: M (Chest 38)
A51: 49 | B51: 3363 | C51: ="*"&B51&"*" -> *3363* | D51: นาย Mr. | E51: KAMOL SUKWANG | F51: =UPPER(E51) -> KAMOL SUKWANG | G51: KAMOL.S | H51: Male | I51: 40-49 | J51: Thai | K51: MKT33 | M51: 0.22916667 | R51: Green Color | S51: L (chest 40)
A52: 50 | B52: 3364 | C52: ="*"&B52&"*" -> *3364* | D52: นาย (Mr.) | E52: Emmanuel Abadie | F52: =UPPER(E52) -> EMMANUEL ABADIE | G52: EMMANUEL.A | H52: Male | I52: 20-39 | J52: French | K52: MKT33 | M52: 0.22916667 | R52: 0 | S52: 0
A53: 51 | B53: 3365 | C53: ="*"&B53&"*" -> *3365* | D53: นาย (Mr.) | E53: William BJ Schulte | F53: =UPPER(E53) -> WILLIAM BJ SCHULTE | G53: WILLIAM BJ SCHULTE | H53: Male | I53: 40-49 | J53: USA | K53: MKT33 | M53: 0.22916667 | R53: 0 | S53: 0
A54: 52 | B54: 3366 | C54: ="*"&B54&"*" -> *3366* | D54: นาย (Mr.) | E54: SUPAROEK NIYOMKARN | F54: =UPPER(E54) -> SUPAROEK NIYOMKARN | G54: SUPAROEK.N | H54: Male | I54: 20-39 | J54: Thai | K54: MKT33 | M54: 0.22916667 | R54: Cream Color | S54: XL (chest 42)
A55: 53 | B55: 3367 | C55: ="*"&B55&"*" -> *3367* | D55: Mr. | E55: Teeranni Jundee | F55: =UPPER(E55) -> TEERANNI JUNDEE | G55: TEERANNI.J | H55: Male | I55: 40-49 | J55: Thai | K55: MKT33 | M55: 0.22916667 | R55: Green Color | S55: M (Chest 38)
A56: 54 | B56: 3368 | C56: ="*"&B56&"*" -> *3368* | D56: นางสาว / นาง (Miss/Mrs.) | E56: Totsaporn Muamgngam | F56: =UPPER(E56) -> TOTSAPORN MUAMGNGAM | G56: TOTSAPORN.M | H56: Female | I56: 20-39 | J56: Thai | K56: MKT33 | M56: 0.22916667 | R56: Green Color | S56: XS (chest 34)
A57: 55 | B57: 3369 | C57: ="*"&B57&"*" -> *3369* | D57: นาย (Mr.) | E57: Surasak Chuntapa | F57: =UPPER(E57) -> SURASAK CHUNTAPA | G57: SURASAK.C | H57: Male | I57: 20-39 | J57: Thai | K57: MKT33 | M57: 0.22916667 | R57: Green Color | S57: M (Chest 38)
A58: 56 | B58: 3370 | C58: ="*"&B58&"*" -> *3370* | D58: นาย (Mr.) | E58: Wechson Khampinit | F58: =UPPER(E58) -> WECHSON KHAMPINIT | G58: WECHSON.K | H58: Male | I58: 60 Plus | J58: Thai | K58: MKT33 | M58: 0.22916667 | R58: Green Color | S58: S (chest 36)
A59: 57 | B59: 3371 | C59: ="*"&B59&"*" -> *3371* | D59: นาย (Mr.) | E59: Charuwat Ketsorn | F59: =UPPER(E59) -> CHARUWAT KETSORN | G59: CHARUWAT.K | H59: Male | I59: 50-59 | J59: Thai | K59: MKT33 | M59: 0.22916667 | R59: Green Color | S59: M (Chest 38)
A60: 58 | B60: 3372 | C60: ="*"&B60&"*" -> *3372* | D60: นางสาว / นาง (Miss/Mrs.) | E60: Ratsamee Dawjbon | F60: =UPPER(E60) -> RATSAMEE DAWJBON | G60: RATSAMEE.D | H60: Female | I60: 40-49 | J60: Thai | K60: MKT33 | M60: 0.22916667 | R60: Green Color | S60: L (chest 40)
A61: 59 | B61: 3373 | C61: ="*"&B61&"*" -> *3373* | D61: นาย (Mr.) | E61: Anthong Araujo | F61: =UPPER(E61) -> ANTHONG ARAUJO | G61: ANTHONG.A | H61: Male | I61: 20-39 | J61: USA | K61: MKT33 | M61: 0.22916667 | R61: Green Color | S61: XL (chest 42)
A62: 60 | B62: 3374 | C62: ="*"&B62&"*" -> *3374* | D62: นางสาว / นาง (Miss/Mrs.) | E62: JULARRUCK LOMPAIBOON | F62: =UPPER(E62) -> JULARRUCK LOMPAIBOON | G62: JULARRUCK.L | H62: Female | I62: 60 Plus | J62: Thai | K62: MKT33 | M62: 0.22916667 | R62: Green Color | S62: S (chest 36)
A63: 61 | B63: 3375 | C63: ="*"&B63&"*" -> *3375* | D63: นางสาว / นาง (Miss/Mrs.) | E63: BENYADA YOSHSINGCOME | F63: =UPPER(E63) -> BENYADA YOSHSINGCOME | G63: BENYADA.Y | H63: Female | I63: 40-49 | J63: Thai | K63: MKT33 | M63: 0.22916667 | R63: Green Color | S63: XS (chest 34)
A64: 62 | B64: 3376 | C64: ="*"&B64&"*" -> *3376* | D64: นางสาว / นาง (Miss/Mrs.) | E64: THUNYALUK BOONPONG | F64: =UPPER(E64) -> THUNYALUK BOONPONG | G64: THUNYALUK.B | H64: Female | I64: 20-39 | J64: Thai | K64: MKT33 | M64: 0.22916667 | R64: Green Color | S64: S (chest 36)
A65: 63 | B65: 3377 | C65: ="*"&B65&"*" -> *3377* | D65: นางสาว / นาง (Miss/Mrs.) | E65: ARONYA CHOTWORAMEDNI | F65: =UPPER(E65) -> ARONYA CHOTWORAMEDNI | G65: ARONYA.C | H65: Female | I65: 20-39 | J65: Thai | K65: MKT33 | M65: 0.22916667 | R65: Green Color | S65: M (Chest 38)
A66: 64 | B66: 3378 | C66: ="*"&B66&"*" -> *3378* | D66: นาย (Mr.) | E66: Uthai Pim | F66: =UPPER(E66) -> UTHAI PIM | G66: UTHAI.P | H66: Male | I66: 50-59 | J66: Thai | K66: MKT33 | M66: 0.22916667
A67: 65 | B67: 3379 | C67: ="*"&B67&"*" -> *3379* | D67: นาย (Mr.) | E67: Ittipon uppapong | F67: =UPPER(E67) -> ITTIPON UPPAPONG | G67: ITTIPON.U | H67: Male | I67: 20-39 | J67: Thai | K67: MKT33 | M67: 0.22916667 | R67: Green Color | S67: L (chest 40)
A68: 66 | B68: 3380 | C68: ="*"&B68&"*" -> *3380* | D68: นางสาว / นาง (Miss/Mrs.) | E68: Aiyada Kultakham | F68: =UPPER(E68) -> AIYADA KULTAKHAM | G68: AIYADA.K | H68: Female | I68: 40-49 | J68: Thai | K68: MKT33 | M68: 0.22916667 | S68: S (chest 36)
A69: 67 | B69: 3381 | C69: ="*"&B69&"*" -> *3381* | D69: นาย (Mr.) | E69: Jantaraboon Kiangchaipaiphana | F69: =UPPER(E69) -> JANTARABOON KIANGCHAIPAIPHANA | G69: JANTARABOON.K | H69: Male | I69: 20-39 | J69: Thai | K69: MKT33 | M69: 0.22916667
A70: 68 | B70: 3382 | C70: ="*"&B70&"*" -> *3382* | D70: นางสาว / นาง (Miss/Mrs.) | E70: Khattiya Homthong | F70: =UPPER(E70) -> KHATTIYA HOMTHONG | G70: KHATTIYA.H | H70: Female | I70: 20-39 | J70: Thai | K70: MKT33 | M70: 0.22916667
A71: 69 | B71: 3383 | C71: ="*"&B71&"*" -> *3383* | D71: นาย (Mr.) | E71: Saravut Chaiboonruang | F71: =UPPER(E71) -> SARAVUT CHAIBOONRUANG | G71: SARAVUT.C | H71: Male | I71: 40-49 | J71: Thai | K71: MKT33 | M71: 0.22916667
A72: 70 | B72: 3384 | C72: ="*"&B72&"*" -> *3384* | D72: นางสาว / นาง (Miss/Mrs.) | E72: Sopha Usumani | F72: =UPPER(E72) -> SOPHA USUMANI | G72: SOPHA.U | H72: Female | I72: 40-49 | J72: Thai | K72: MKT33 | M72: 0.22916667
A73: 71 | B73: 3385 | C73: ="*"&B73&"*" -> *3385* | D73: นาย (Mr.) | E73: Udom Yavilas | F73: =UPPER(E73) -> UDOM YAVILAS | G73: UDOM.Y | H73: Male | I73: 50-59 | J73: Thai | K73: MKT33 | M73: 0.22916667
A74: 72 | B74: 3386 | C74: ="*"&B74&"*" -> *3386* | D74: นาย (Mr.) | E74: Artith Korkietsopa | F74: =UPPER(E74) -> ARTITH KORKIETSOPA | G74: ARTITH.K | H74: Male | I74: 20-39 | J74: Thai | K74: MKT33 | M74: 0.22916667
A75: 73 | B75: 3387 | C75: ="*"&B75&"*" -> *3387* | D75: นางสาว / นาง (Miss/Mrs.) | E75: Piyamad Sompamoon | F75: =UPPER(E75) -> PIYAMAD SOMPAMOON | G75: PIYAMAD.S | H75: Female | I75: 40-49 | J75: Thai | K75: MKT33 | M75: 0.22916667
A76: 74 | B76: 3388 | C76: ="*"&B76&"*" -> *3388* | D76: นาย (Mr.) | E76: Worawut Phuengphocharoenphan | F76: =UPPER(E76) -> WORAWUT PHUENGPHOCHAROENPHAN | G76: WORAWUT.P | H76: Male | I76: 40-49 | J76: Thai | K76: MKT33 | M76: 0.22916667
A77: 75 | B77: 3389 | C77: ="*"&B77&"*" -> *3389* | D77: นาย (Mr.) | E77: Panupong Thawai | F77: =UPPER(E77) -> PANUPONG THAWAI | G77: PANUPONG.T | H77: Male | I77: 20-39 | J77: Thai | K77: MKT33 | M77: 0.22916667
A78: 76 | B78: 3390 | C78: ="*"&B78&"*" -> *3390* | D78: นางสาว / นาง (Miss/Mrs.) | E78: Uraiwan jinapho | F78: =UPPER(E78) -> URAIWAN JINAPHO | G78: URAIWAN.J | H78: Female | I78: 20-39 | J78: Thai | K78: MKT33 | M78: 0.22916667
A79: 77 | B79: 3391 | C79: ="*"&B79&"*" -> *3391* | D79: นางสาว / นาง (Miss/Mrs.) | E79: Samatcha Intapai | F79: =UPPER(E79) -> SAMATCHA INTAPAI | G79: SAMATCHA.I | H79: Female | I79: 20-39 | J79: Thai | K79: MKT33 | M79: 0.22916667
A80: 78 | B80: 3392 | C80: ="*"&B80&"*" -> *3392* | D80: นาย (Mr.) | E80: Seri Phuphisit | F80: =UPPER(E80) -> SERI PHUPHISIT | G80: SERI.P | H80: Male | I80: 60 Plus | J80: Thai | K80: MKT33 | M80: 0.22916667
... A85: 83 | B85: 3397 | C85: ="*"&B85&"*" -> *3397* | D85: นาย (Mr.) | E85: Vincent ARQUE | F85: =UPPER(E85) -> VINCENT ARQUE | G85: VINCENT.A | H85: Male | I85: 20-39 | J85: Thai | K85: MKT33 | M85: 0.22916667
A86: 84 | B86: 3398 | C86: ="*"&B86&"*" -> *3398* | D86: นางสาว / นาง (Miss/Mrs.) | E86: nutchaya boonthum | F86: =UPPER(E86) -> NUTCHAYA BOONTHUM | G86: NUTCHAYA.B | H86: Female | I86: 20-39 | J86: Thai | K86: MKT33 | M86: 0.22916667 | Q86: 34634
A87: 85 | B87: 3399 | C87: ="*"&B87&"*" -> *3399* | D87: นาย (Mr.) | E87: kamonnut suwanna | F87: =UPPER(E87) -> KAMONNUT SUWANNA | G87: KAMONNUT.S | H87: Male | I87: 20-39 | J87: Thai | K87: MKT33 | M87: 0.22916667 | Q87: 33059
A88: 86 | B88: 3301 | C88: ="*"&B88&"*" -> *3301* | D88: นาย (Mr.) | E88: blake wichtowski | F88: =UPPER(E88) -> BLAKE WICHTOWSKI | G88: =UPPER(F88) -> BLAKE WICHTOWSKI | H88: Male | I88: 20-39 | J88: Thai | K88: MKT33 | M88: 0.22916667 | Q88: 34357
A89: 87 | B89: 3302 | C89: ="*"&B89&"*" -> *3302* | F89: =UPPER(E89) | M89: 0.22916667
A90: 88 | B90: 3303 | C90: ="*"&B90&"*" -> *3303* | F90: =UPPER(E90) | M90: 0.22916667
A91: 89 | B91: 5015 | C91: ="*"&B91&"*" -> *5015* | D91: นางสาว / นาง (Miss/Mrs.) | E91: Jiamjit Tanomsab | F91: =UPPER(E91) -> JIAMJIT TANOMSAB | G91: JIAMJIT.T | H91: Female | I91: 50-59 | J91: Thai | K91: MKT50 | M91: 0.20833333 | R91: Cream Color | S91: XS (chest 34)
A92: 90 | B92: 5016 | C92: ="*"&B92&"*" -> *5016* | D92: นางสาว / นาง (Miss/Mrs.) | E92: Narudapa wattanateerapak | F92: =UPPER(E92) -> NARUDAPA WATTANATEERAPAK | G92: NARUDAPA.W | H92: Female | I92: 40-49 | J92: Thai | K92: MKT50 | M92: 0.20833333 | R92: Green Color | S92: S (chest 36)
A93: 91 | B93: 5017 | C93: ="*"&B93&"*" -> *5017* | D93: นางสาว / นาง (Miss/Mrs.) | E93: Sirilax Romphongern | F93: =UPPER(E93) -> SIRILAX ROMPHONGERN | G93: SIRILAX.R | H93: Female | I93: 50-59 | J93: Thai | K93: MKT50 | M93: 0.20833333 | R93: Cream Color | S93: S (chest 36)
A94: 92 | B94: 5018 | C94: ="*"&B94&"*" -> *5018* | D94: นาย (Mr.) | E94: Manop Maejit | F94: =UPPER(E94) -> MANOP MAEJIT | G94: MANOP.M | H94: Male | I94: 40-49 | J94: Thai | K94: MKT50 | M94: 0.20833333 | R94: Green Color | S94: M (chest 38)
A95: 93 | B95: 5019 | C95: ="*"&B95&"*" -> *5019* | D95: นาย (Mr.) | E95: Jaiyasidha Glankwahmdee | F95: =UPPER(E95) -> JAIYASIDHA GLANKWAHMDEE | G95: JAIYASIDHA.G | H95: Male | I95: 20-39 | J95: Thai | K95: MKT50 | M95: 0.20833333 | R95: Cream Color | S95: XXL (chest 44)
A96: 94 | B96: 5020 | C96: ="*"&B96&"*" -> *5020* | D96: นาย (Mr.) | E96: Borwornvidhya Glankwahmdee | F96: =UPPER(E96) -> BORWORNVIDHYA GLANKWAHMDEE | G96: BORWORNVIDHYA.G | H96: Male | I96: 60 Plus | J96: Thai | K96: MKT50 | M96: 0.20833333 | R96: Cream Color | S96: XL (chest 42)
A97: 95 | B97: 5021 | C97: ="*"&B97&"*" -> *5021* | D97: นางสาว / นาง (Miss/Mrs.) | E97: Kanokrud Glankwahmdee | F97: =UPPER(E97) -> KANOKRUD GLANKWAHMDEE | G97: KANOKRUD.G | H97: Female | I97: 60 Plus | J97: Thai | K97: MKT50 | M97: 0.20833333 | R97: Cream Color | S97: XS (chest 34)
A98: 96 | B98: 5022 | C98: ="*"&B98&"*" -> *5022* | D98: นาย (Mr.) | E98: Weerawat Shatareeyakul | F98: =UPPER(E98) -> WEERAWAT SHATAREEYAKUL | G98: WEERAWAT.S | H98: Male | I98: 40-49 | J98: Thai | K98: MKT50 | M98: 0.20833333 | R98: Cream Color | S98: XXL (chest 44)
A99: 97 | B99: 5023 | C99: ="*"&B99&"*" -> *5023* | D99: นางสาว / นาง (Miss/Mrs.) | E99: Kunnika Tonsakul | F99: =UPPER(E99) -> KUNNIKA TONSAKUL | G99: KUNNIKA.T | H99: Female | I99: 50-59 | J99: Thai | K99: MKT50 | M99: 0.20833333 | R99: Green Color | S99: S (chest 36)
A100: 98 | B100: 5024 | C100: ="*"&B100&"*" -> *5024* | D100: นางสาว / นาง (Miss/Mrs.) | E100: Rossarin Jinatham | F100: =UPPER(E100) -> ROSSARIN JINATHAM | G100: ROSSARIN.J | H100: Female | I100: 40-49 | J100: Thai | K100: MKT50 | M100: 0.20833333 | R100: Cream Color | S100: S (chest 36)
A101: 99 | B101: 5025 | C101: ="*"&B101&"*" -> *5025* | D101: นาย (Mr.) | E101: Notthakit Kasee | F101: =UPPER(E101) -> NOTTHAKIT KASEE | G101: NOTTHAKIT.K | H101: Male | I101: 50-59 | J101: Thai | K101: MKT50 | M101: 0.20833333 | R101: Green Color | S101: L (chest 40)
A102: 100 | B102: 5026 | C102: ="*"&B102&"*" -> *5026* | D102: นางสาว / นาง (Miss/Mrs.) | E102: Malila Kosura | F102: =UPPER(E102) -> MALILA KOSURA | G102: MALILA.K | H102: Female | I102: 50-59 | J102: Thai | K102: MKT50 | M102: 0.20833333 | R102: Green Color | S102: XS (chest 34)
... A118: 116 | B118: 5042 | C118: ="*"&B118&"*" -> *5042* | D118: นาย (Mr.) | E118: Timothy Edwards | F118: =UPPER(E118) -> TIMOTHY EDWARDS | G118: TIMOTHY.E | H118: Male | I118: 40-49 | J118: USA | K118: MKT50 | M118: 0.20833333 | R118: Green Color | S118: XL (chest 42)
A119: 117 | B119: 5043 | C119: ="*"&B119&"*" -> *5043* | M119: 0.20833333 | R119: Green Color | S119: XL (chest 42)
A120: 118 | B120: 5044 | C120: ="*"&B120&"*" -> *5044* | D120: นาย (Mr.) | E120: phongsathon jeesom | F120: =UPPER(E120) -> PHONGSATHON JEESOM | G120: PHONGSATHON.J | H120: Male | I120: 40-49 | J120: Thai | K120: MKT50 | M120: 0.20833333
A121: 119 | B121: 5045 | C121: ="*"&B121&"*" -> *5045* | D121: นาย (Mr.) | E121: veerapong pakdeeprasert | F121: =UPPER(E121) -> VEERAPONG PAKDEEPRASERT | G121: VEERAPONG.P | H121: Male | I121: 40-49 | J121: Thai | K121: MKT50 | M121: 0.20833333
A122: 120 | B122: 5046 | C122: ="*"&B122&"*" -> *5046* | D122: นาย (Mr.) | E122: patthanapicji trinwatthaworn | F122: =UPPER(E122) -> PATTHANAPICJI TRINWATTHAWORN | G122: PATTHANAPICJI.T | H122: Male | I122: 40-49 | J122: Thai | K122: MKT50 | M122: 0.20833333
A123: 121 | B123: 5047 | C123: ="*"&B123&"*" -> *5047* | D123: นาย (Mr.) | E123: tawatchai lathiang | F123: =UPPER(E123) -> TAWATCHAI LATHIANG | G123: TAWATCHAI LATHIANG | H123: Male | I123: 20-39 | J123: Thai | K123: MKT50 | M123: 0.20833333
A124: 122 | B124: 5048 | C124: ="*"&B124&"*" -> *5048* | D124: นาย (Mr.) | E124: songwut boakhem | F124: =UPPER(E124) -> SONGWUT BOAKHEM | G124: SONGWUD BOAKHEM | H124: Male | I124: 60 Plus | J124: Thai | K124: MKT50 | M124: 0.20833333
A125: 123 | B125: 5049 | C125: ="*"&B125&"*" -> *5049* | D125: นาย (Mr.) | E125: surapong pornpradit | F125: =UPPER(E125) -> SURAPONG PORNPRADIT | G125: SURAPONG PORNPRADIT | H125: Male | I125: 60 Plus | J125: Thai | K125: MKT50 | M125: 0.20833333
A126: 124 | B126: 5050 | C126: ="*"&B126&"*" -> *5050* | E126: thanaphat chaipoh | F126: =UPPER(E126) -> THANAPHAT CHAIPOH | G126: THANAPHAT CHAIPOH | H126: LGBTIQAN+ | J126: Thai | K126: MKT50 | M126: 0.20833333 | Q126: 27351
A127: 125 | B127: 5051 | C127: ="*"&B127&"*" -> *5051* | F127: =UPPER(E127) | M127: 0.20833333
A128: 126 | B128: 5052 | C128: ="*"&B128&"*" -> *5052* | F128: =UPPER(E128) | M128: 0.20833333
A129: 127 | B129: 5053 | C129: ="*"&B129&"*" -> *5053* | F129: =UPPER(E129) | M129: 0.20833333
A130: 128 | B130: 5054 | C130: ="*"&B130&"*" -> *5054* | F130: =UPPER(E130) | M130: 0.20833333
...
